config,scenario,trades,wins,losses,win_rate_pct,profit_factor,expectancy_r,total_r,gross_account_return_pct,net_account_return_pct,cost_drag_pct_points,avg_cost_account_pct,avg_fee_account_pct,avg_slippage_account_pct,avg_funding_account_pct,max_drawdown_pct,avg_holding_hours,avg_notional_to_equity,source_win_rate_pct,source_profit_factor,source_account_return_pct,source_max_drawdown_pct,fee_bps_per_side,slippage_bps_per_side,funding_bps_per_8h,scenario_note
v3_core4_frequency,gross_no_cost,155,87,68,56.12903225806451,1.1886968366564301,0.0937825119563469,14.53628935323377,5.08770127363182,5.08770127363182,0.0,0.0,0.0,0.0,0.0,3.746974965283457,6.129032258064516,0.5623733671112505,56.12903225806451,1.1886968366564308,5.087701273631818,3.7873471254460793,0.0,0.0,0.0,"Original gross backtest, used only as a control."
v3_core4_frequency,maker_low_cost,155,86,69,55.483870967741936,0.927352114040879,-0.04048762872200611,-6.275582451910948,5.08770127363182,-2.1964538581688324,7.284155131800652,0.046994549237423563,0.022494934684450022,0.022494934684450022,0.002004679868523523,5.490575409450523,6.129032258064516,0.5623733671112505,56.12903225806451,1.1886968366564308,5.087701273631818,3.7873471254460793,2.0,2.0,0.5,Optimistic maker-like execution with light funding proxy.
v3_core4_frequency,base_taker_cost,155,83,72,53.5483870967742,0.7181393355483185,-0.17475776940035914,-27.08745425705567,5.08770127363182,-9.480608989969483,14.568310263601303,0.09398909847484711,0.05623733671112506,0.03374240202667503,0.004009359737047046,9.632330328504006,6.129032258064516,0.5623733671112505,56.12903225806451,1.1886968366564308,5.087701273631818,3.7873471254460793,5.0,3.0,1.0,Conservative Binance VIP0 taker-style fee plus slippage and funding proxy.
v3_core4_frequency,high_slippage,155,79,76,50.967741935483865,0.5949434085799963,-0.27116463233371635,-42.03051801172603,5.08770127363182,-14.71068130410411,19.79838257773593,0.12773150050152213,0.05623733671112506,0.06748480405335006,0.004009359737047046,14.11878554768045,6.129032258064516,0.5623733671112505,56.12903225806451,1.1886968366564308,5.087701273631818,3.7873471254460793,5.0,6.0,1.0,Base fee with doubled slippage.
v3_core4_frequency,fee_1p5x,155,79,76,50.967741935483865,0.6141094828838104,-0.25509682184482346,-39.54000738594764,5.08770127363182,-13.839002585081676,18.926703858713495,0.12210776683040965,0.08435600506668757,0.03374240202667503,0.004009359737047046,13.386701709885223,6.129032258064516,0.5623733671112505,56.12903225806451,1.1886968366564308,5.087701273631818,3.7873471254460793,7.5,3.0,1.0,Fee multiplied by 1.5 while keeping base slippage/funding.
v3_core4_frequency,funding_3x,155,82,73,52.903225806451616,0.6857097374596359,-0.19766839646919937,-30.638601452725904,5.08770127363182,-10.723510508454066,15.811211782085886,0.10200781794894122,0.05623733671112506,0.03374240202667503,0.01202807921114114,10.69090808501558,6.129032258064516,0.5623733671112505,56.12903225806451,1.1886968366564308,5.087701273631818,3.7873471254460793,5.0,3.0,3.0,Base fee/slippage with funding cost tripled.
v3_core4_frequency,combined_stress,155,71,84,45.806451612903224,0.48282449412448764,-0.37441431184702106,-58.03421833628826,5.08770127363182,-20.311976417700897,25.39967769133272,0.16386888833117877,0.08435600506668757,0.06748480405335006,0.01202807921114114,18.659415295994446,6.129032258064516,0.5623733671112505,56.12903225806451,1.1886968366564308,5.087701273631818,3.7873471254460793,7.5,6.0,3.0,"Combined adverse case: fee 1.5x, slippage 2x, funding 3x."
v3_core4_quality,gross_no_cost,135,85,50,62.96296296296296,1.6075136496989297,0.2541987949627598,34.31683731997258,12.010893061990405,12.010893061990405,0.0,0.0,0.0,0.0,0.0,3.4188386955710417,6.437037037037037,0.5487997605372754,62.96296296296296,1.6075136496989306,12.0108930619904,3.461090622155252,0.0,0.0,0.0,"Original gross backtest, used only as a control."
v3_core4_quality,maker_low_cost,135,83,52,61.48148148148148,1.2620738660175728,0.12284538380696104,16.58412681393974,12.010893061990405,5.804444384878911,6.206448677111494,0.045973693904529586,0.021951990421491024,0.021951990421491024,0.0020697130615475404,4.389573691118331,6.437037037037037,0.5487997605372754,62.96296296296296,1.6075136496989306,12.0108930619904,3.461090622155252,2.0,2.0,0.5,Optimistic maker-like execution with light funding proxy.
v3_core4_quality,base_taker_cost,135,79,56,58.51851851851851,0.9837493827708605,-0.00850802734883771,-1.1485836920930907,12.010893061990405,-0.40200429223258194,12.412897354222988,0.09194738780905914,0.054879976053727554,0.03292798563223652,0.004139426123095081,5.416527978130487,6.437037037037037,0.5487997605372754,62.96296296296296,1.6075136496989306,12.0108930619904,3.461090622155252,5.0,3.0,1.0,Conservative Binance VIP0 taker-style fee plus slippage and funding proxy.
v3_core4_quality,high_slippage,135,72,63,53.333333333333336,0.8194855484067366,-0.10258798629808492,-13.849378150241465,12.010893061990405,-4.847282352584512,16.858175414574916,0.12487537344129568,0.054879976053727554,0.06585597126447304,0.004139426123095081,6.189388406580248,6.437037037037037,0.5487997605372754,62.96296296296296,1.6075136496989306,12.0108930619904,3.461090622155252,5.0,6.0,1.0,Base fee with doubled slippage.
v3_core4_quality,fee_1p5x,135,72,63,53.333333333333336,0.8448988642919171,-0.08690799313987704,-11.7325790738834,12.010893061990405,-4.106402675859192,16.117295737849595,0.11938737583592293,0.08231996408059132,0.03292798563223652,0.004139426123095081,6.05021640644528,6.437037037037037,0.5487997605372754,62.96296296296296,1.6075136496989306,12.0108930619904,3.461090622155252,7.5,3.0,1.0,Fee multiplied by 1.5 while keeping base slippage/funding.
v3_core4_quality,funding_3x,135,78,57,57.77777777777777,0.9395885447517871,-0.032161890909381034,-4.3418552727664395,12.010893061990405,-1.5196493454682543,13.53054240745866,0.10022624005524931,0.054879976053727554,0.03292798563223652,0.012418278369285241,5.608033375536995,6.437037037037037,0.5487997605372754,62.96296296296296,1.6075136496989306,12.0108930619904,3.461090622155252,5.0,3.0,3.0,Base fee/slippage with funding cost tripled.
v3_core4_quality,combined_stress,135,69,66,51.11111111111111,0.6696590427264831,-0.2046418156496676,-27.626645112705127,12.010893061990405,-9.669325789446798,21.680218851437203,0.16059421371434962,0.08231996408059132,0.06585597126447304,0.012418278369285241,9.324083373729298,6.437037037037037,0.5487997605372754,62.96296296296296,1.6075136496989306,12.0108930619904,3.461090622155252,7.5,6.0,3.0,"Combined adverse case: fee 1.5x, slippage 2x, funding 3x."
v3_core4_strict,gross_no_cost,89,51,38,57.30337078651685,1.1368020509448822,0.06629462520212925,5.900221642989504,2.065077575046327,2.065077575046327,0.0,0.0,0.0,0.0,0.0,2.3849145618823995,5.160112359550562,0.5907592384738859,57.30337078651685,1.1368020509448817,2.065077575046327,2.408961492331405,0.0,0.0,0.0,"Original gross backtest, used only as a control."
v3_core4_strict,maker_low_cost,89,51,38,57.30337078651685,0.864403016094833,-0.07404965121798371,-6.59041895840055,2.065077575046327,-2.3066466354401918,4.371724210486519,0.04912049674703952,0.023630369538955438,0.023630369538955438,0.0018597576691286497,3.542088011343064,5.160112359550562,0.5907592384738859,57.30337078651685,1.1368020509448817,2.065077575046327,2.408961492331405,2.0,2.0,0.5,Optimistic maker-like execution with light funding proxy.
v3_core4_strict,base_taker_cost,89,46,43,51.68539325842697,0.6493356226307919,-0.2143939276380965,-19.08105955979059,2.065077575046327,-6.6783708459267075,8.743448420973035,0.09824099349407903,0.0590759238473886,0.035445554308433144,0.0037195153382572994,7.089618076339556,5.160112359550562,0.5907592384738859,57.30337078651685,1.1368020509448817,2.065077575046327,2.408961492331405,5.0,3.0,1.0,Conservative Binance VIP0 taker-style fee plus slippage and funding proxy.
v3_core4_strict,high_slippage,89,39,50,43.82022471910113,0.527093714254849,-0.3156669399479055,-28.09435765536359,2.065077575046327,-9.833025179377257,11.898102754423585,0.13368654780251218,0.0590759238473886,0.07089110861686629,0.0037195153382572994,9.575358625597822,5.160112359550562,0.5907592384738859,57.30337078651685,1.1368020509448817,2.065077575046327,2.408961492331405,5.0,6.0,1.0,Base fee with doubled slippage.
v3_core4_strict,fee_1p5x,89,40,49,44.9438202247191,0.5455127854991386,-0.2987881045629374,-26.59214130610143,2.065077575046327,-9.3072494571355,11.372327032181827,0.12777895541777332,0.08861388577108288,0.035445554308433144,0.0037195153382572994,9.165672730338379,5.160112359550562,0.5907592384738859,57.30337078651685,1.1368020509448817,2.065077575046327,2.408961492331405,7.5,3.0,1.0,Fee multiplied by 1.5 while keeping base slippage/funding.
v3_core4_strict,funding_3x,89,46,43,51.68539325842697,0.6200900944860338,-0.23564830099956682,-20.97269878896145,2.065077575046327,-7.340444576136506,9.405522151182833,0.10568002417059365,0.0590759238473886,0.035445554308433144,0.011158546014771899,7.582406618522657,5.160112359550562,0.5907592384738859,57.30337078651685,1.1368020509448817,2.065077575046327,2.408961492331405,5.0,3.0,3.0,Base fee/slippage with funding cost tripled.
v3_core4_strict,combined_stress,89,34,55,38.20224719101123,0.4251061458359017,-0.42131549023421677,-37.497078630845294,2.065077575046327,-13.123977520795851,15.189055095842178,0.1706635404027211,0.08861388577108288,0.07089110861686629,0.011158546014771899,12.371221727503867,5.160112359550562,0.5907592384738859,57.30337078651685,1.1368020509448817,2.065077575046327,2.408961492331405,7.5,6.0,3.0,"Combined adverse case: fee 1.5x, slippage 2x, funding 3x."
v3_pool8_frequency,gross_no_cost,178,99,79,55.61797752808989,1.229277472168646,0.11486319172366108,20.445648126811673,7.155976844384086,7.155976844384086,0.0,0.0,0.0,0.0,0.0,4.018546638526162,5.568820224719101,0.5445315003573724,55.61797752808989,1.2292774721686455,7.1559768443840825,4.0850569814217215,0.0,0.0,0.0,"Original gross backtest, used only as a control."
v3_pool8_frequency,maker_low_cost,178,98,80,55.0561797752809,0.9736625627111275,-0.014747654084727248,-2.62508242708145,7.155976844384086,-0.918778849478505,8.074755693862592,0.04536379603293591,0.021781260014294895,0.021781260014294895,0.0018012760043461167,5.588101306424888,5.568820224719101,0.5445315003573724,55.61797752808989,1.2292774721686455,7.1559768443840825,4.0850569814217215,2.0,2.0,0.5,Optimistic maker-like execution with light funding proxy.
v3_pool8_frequency,base_taker_cost,178,95,83,53.37078651685393,0.7675394015927831,-0.1443584998931155,-25.69581298097456,7.155976844384086,-8.993534543341097,16.149511387725184,0.09072759206587182,0.05445315003573725,0.03267189002144234,0.0036025520086922333,9.580629279910877,5.568820224719101,0.5445315003573724,55.61797752808989,1.2292774721686455,7.1559768443840825,4.0850569814217215,5.0,3.0,1.0,Conservative Binance VIP0 taker-style fee plus slippage and funding proxy.
v3_pool8_frequency,high_slippage,178,92,86,51.68539325842697,0.6444342697466743,-0.23770675709723643,-42.31180276330809,7.155976844384086,-14.80913096715783,21.965107811541916,0.12339948208731416,0.05445315003573725,0.06534378004288469,0.0036025520086922333,14.60226598521375,5.568820224719101,0.5445315003573724,55.61797752808989,1.2292774721686455,7.1559768443840825,4.0850569814217215,5.0,6.0,1.0,Base fee with doubled slippage.
v3_pool8_frequency,fee_1p5x,178,92,86,51.68539325842697,0.6636818104332523,-0.222148714229883,-39.542471132919175,7.155976844384086,-13.839864896521714,20.9958417409058,0.11795416708374044,0.08167972505360586,0.03267189002144234,0.0036025520086922333,13.785000138773837,5.568820224719101,0.5445315003573724,55.61797752808989,1.2292774721686455,7.1559768443840825,4.0850569814217215,7.5,3.0,1.0,Fee multiplied by 1.5 while keeping base slippage/funding.
v3_pool8_frequency,funding_3x,178,94,84,52.80898876404494,0.7377591875072727,-0.16494451137135685,-29.36012302410152,7.155976844384086,-10.276043058435532,17.43201990281962,0.09793269608325629,0.05445315003573725,0.03267189002144234,0.0108076560260767,10.6935439524517,5.568820224719101,0.5445315003573724,55.61797752808989,1.2292774721686455,7.1559768443840825,4.0850569814217215,5.0,3.0,3.0,Base fee/slippage with funding cost tripled.
v3_pool8_frequency,combined_stress,178,83,95,46.62921348314607,0.5332164139867901,-0.33608298291224536,-59.82277095837968,7.155976844384086,-20.93796983543289,28.093946679816977,0.15783116112256726,0.08167972505360586,0.06534378004288469,0.0108076560260767,19.577394148935205,5.568820224719101,0.5445315003573724,55.61797752808989,1.2292774721686455,7.1559768443840825,4.0850569814217215,7.5,6.0,3.0,"Combined adverse case: fee 1.5x, slippage 2x, funding 3x."
v3_pool8_quality,gross_no_cost,154,100,54,64.93506493506493,1.8152032142622587,0.3219274190725026,49.576822537165405,17.351887888007894,17.351887888007894,0.0,0.0,0.0,0.0,0.0,2.9849601710917884,5.952922077922078,0.5316593009565811,64.93506493506493,1.8152032142622587,17.351887888007894,3.0212529664935284,0.0,0.0,0.0,"Original gross backtest, used only as a control."
v3_pool8_quality,maker_low_cost,154,98,56,63.63636363636363,1.4423236776220616,0.19505983969424368,30.039215312913527,17.351887888007894,10.513725359519736,6.838162528488159,0.04440365278239065,0.021266372038263242,0.021266372038263242,0.0018709087058641652,3.7878952003554844,5.952922077922078,0.5316593009565811,64.93506493506493,1.8152032142622587,17.351887888007894,3.0212529664935284,2.0,2.0,0.5,Optimistic maker-like execution with light funding proxy.
v3_pool8_quality,base_taker_cost,154,94,60,61.038961038961034,1.1388820024102249,0.06819226031598473,10.501608088661648,17.351887888007894,3.6755628310315767,13.676325056976317,0.08880730556478128,0.05316593009565811,0.031899558057394854,0.0037418174117283304,4.991966813930182,5.952922077922078,0.5316593009565811,64.93506493506493,1.8152032142622587,17.351887888007894,3.0212529664935284,5.0,3.0,1.0,Conservative Binance VIP0 taker-style fee plus slippage and funding proxy.
v3_pool8_quality,high_slippage,154,89,65,57.7922077922078,0.9568087983907972,-0.02294933413371482,-3.534197456592082,17.351887888007894,-1.2369691098072293,18.588856997815125,0.12070686362217611,0.05316593009565811,0.06379911611478971,0.0037418174117283304,6.023059698755617,5.952922077922078,0.5316593009565811,64.93506493506493,1.8152032142622587,17.351887888007894,3.0212529664935284,5.0,6.0,1.0,Base fee with doubled slippage.
v3_pool8_quality,fee_1p5x,154,89,65,57.7922077922078,0.9852016757275726,-0.007759068392098232,-1.1948965323831278,17.351887888007894,-0.4182137863340952,17.77010167434199,0.11539027061261035,0.07974889514348717,0.031899558057394854,0.0037418174117283304,5.851963641163282,5.952922077922078,0.5316593009565811,64.93506493506493,1.8152032142622587,17.351887888007894,3.0212529664935284,7.5,3.0,1.0,Fee multiplied by 1.5 while keeping base slippage/funding.
v3_pool8_quality,funding_3x,154,93,61,60.3896103896104,1.0939729152372726,0.04681044653468001,7.208808766340721,17.351887888007894,2.523083068219251,14.828804819788644,0.09629094038823795,0.05316593009565811,0.031899558057394854,0.011225452235184992,5.190820213641856,5.952922077922078,0.5316593009565811,64.93506493506493,1.8152032142622587,17.351887888007894,3.0212529664935284,5.0,3.0,3.0,Base fee/slippage with funding cost tripled.
v3_pool8_quality,combined_stress,154,83,71,53.896103896103895,0.7913118738274147,-0.12028247662310262,-18.523501399957805,17.351887888007894,-6.483225489985232,23.835113377993125,0.15477346349346185,0.07974889514348717,0.06379911611478971,0.011225452235184992,7.129308299928294,5.952922077922078,0.5316593009565811,64.93506493506493,1.8152032142622587,17.351887888007894,3.0212529664935284,7.5,6.0,3.0,"Combined adverse case: fee 1.5x, slippage 2x, funding 3x."
v3_pool8_strict,gross_no_cost,103,59,44,57.28155339805825,1.09791971310677,0.04766368448105111,4.9093595015482645,1.718275825541893,1.718275825541893,0.0,0.0,0.0,0.0,0.0,3.231523219574302,4.701456310679611,0.5830681519710891,57.28155339805825,1.09791971310677,1.71827582554189,3.260683977129767,0.0,0.0,0.0,"Original gross backtest, used only as a control."
v3_pool8_strict,maker_low_cost,103,59,44,57.28155339805825,0.8349068237637716,-0.09039936891085519,-9.311134997818085,1.718275825541893,-3.2588972492363295,4.977173074778222,0.048322068687167215,0.023322726078843566,0.023322726078843566,0.001676616529480078,5.058232781925674,4.701456310679611,0.5830681519710891,57.28155339805825,1.09791971310677,1.71827582554189,3.260683977129767,2.0,2.0,0.5,Optimistic maker-like execution with light funding proxy.
v3_pool8_strict,base_taker_cost,103,53,50,51.45631067961165,0.6265648412591468,-0.22846242230276143,-23.531629497184426,1.718275825541893,-8.236070324014552,9.954346149556445,0.09664413737433442,0.05830681519710891,0.034984089118265345,0.003353233058960156,8.535067667479616,4.701456310679611,0.5830681519710891,57.28155339805825,1.09791971310677,1.71827582554189,3.260683977129767,5.0,3.0,1.0,Conservative Binance VIP0 taker-style fee plus slippage and funding proxy.
v3_pool8_strict,high_slippage,103,46,57,44.66019417475729,0.5079192821428872,-0.3284169626406624,-33.82694715198823,1.718275825541893,-11.839431503195879,13.557707328737772,0.13162822649259973,0.05830681519710891,0.06996817823653069,0.003353233058960156,11.381382665504649,4.701456310679611,0.5830681519710891,57.28155339805825,1.09791971310677,1.71827582554189,3.260683977129767,5.0,6.0,1.0,Base fee with doubled slippage.
v3_pool8_strict,fee_1p5x,103,47,56,45.63106796116505,0.5258437827460899,-0.31175787258434556,-32.111060876187594,1.718275825541893,-11.23887130666566,12.957147132207552,0.12579754497288886,0.08746022279566337,0.034984089118265345,0.003353233058960156,10.913152648611351,4.701456310679611,0.5830681519710891,57.28155339805825,1.09791971310677,1.71827582554189,3.260683977129767,7.5,3.0,1.0,Fee multiplied by 1.5 while keeping base slippage/funding.
v3_pool8_strict,funding_3x,103,53,50,51.45631067961165,0.5999949101171822,-0.247623754068248,-25.505246669029543,1.718275825541893,-8.926836334160342,10.645112159702235,0.10335060349225471,0.05830681519710891,0.034984089118265345,0.010059699176880465,9.046121222818588,4.701456310679611,0.5830681519710891,57.28155339805825,1.09791971310677,1.71827582554189,3.260683977129767,5.0,3.0,3.0,Base fee/slippage with funding cost tripled.
v3_pool8_strict,combined_stress,103,39,64,37.86407766990291,0.40971407932351994,-0.43087374468773326,-44.379995702836524,1.718275825541893,-15.532998495992786,17.25127432153468,0.16748810020907454,0.08746022279566337,0.06996817823653069,0.010059699176880465,14.46699365478139,4.701456310679611,0.5830681519710891,57.28155339805825,1.09791971310677,1.71827582554189,3.260683977129767,7.5,6.0,3.0,"Combined adverse case: fee 1.5x, slippage 2x, funding 3x."
