trade_no,entry_time_utc,exit_time_utc,symbol,direction,regime,score,entry,stop,leverage,risk_pct_price,r_multiple,account_pct,outcome,mfe_r,mae_r,equity,drawdown_pct,notes
1,2025-06-05 07:15,2025-06-05 12:15,XRPUSDT,short,trend_down,7.65,2.1959,2.214584142857143,20,0.8508649235913716,-1.0940219743250577,-0.3829076910137702,stop,0.7278899601648341,1.102539204367333,99.61709230898623,-0.3829076910137674,XRPUSDT:4H空头 / 1H趋势状态确认 / 15m在日内VWAP下方且VWAP下行 / 15m反抽EMA20/VWAP后跌回 / 量能实体合格 / 目标RR>=2
2,2025-06-10 11:15,2025-06-10 13:30,BTCUSDT,long,trend_up,7.7,109696.0,108974.7657142857,20,0.657484580763468,-1.1216758572605678,-0.39258655004119875,stop,0.21754373455028417,1.1200244026113877,99.22600900303902,-0.7739909969609715,BTCUSDT:4H多头 / 1H趋势状态确认 / 15m回踩EMA20/VWAP后收回 / 突破短结构高点 / 量能实体合格 / 目标RR>=2
3,2025-06-11 07:00,2025-06-11 08:15,ETHUSDT,long,trend_up,7.8500000000000005,2796.2,2776.959757142857,20,0.6880853607446776,-1.116264644714168,-0.39069262564995877,stop,0.26299044339359495,1.2058059855199352,98.83834030313739,-1.1616596968626158,ETHUSDT:4H多头 / 1H趋势状态确认 / 15m回踩EMA20/VWAP后收回 / CVD多周期顺势 / 量能实体合格 / 目标RR>=2
4,2025-06-12 08:00,2025-06-12 11:15,BNBUSDT,long,trend_up,7.95,667.59,663.9448,30,0.5460237570964283,-1.1465137715351676,-0.40127982003730867,stop,0.4334467244595379,1.100076813343559,98.4417219890411,-1.5582780109589023,BNBUSDT:4H多头 / 1H趋势状态确认 / 15m在日内VWAP上方且VWAP上行 / 15m回踩EMA20/VWAP后收回 / CVD多周期顺势 / 目标RR>=2
5,2025-06-17 13:45,2025-06-18 01:00,BNBUSDT,short,trend_down,9.0,652.29,656.5677571428572,20,0.655806028431716,1.1180127102653938,0.3913044485928879,breakeven_or_trailing_stop,2.8730008716182307,0.3997421879957115,98.82692882645566,-1.1730711735443489,BNBUSDT:4H空头 / 1H趋势状态确认 / 15m在日内VWAP下方且VWAP下行 / 15m反抽EMA20/VWAP后跌回 / 跌破短结构低点 / CVD多周期顺势 / 目标RR>=2
6,2025-06-18 08:45,2025-06-18 13:15,SOLUSDT,short,trend_down,7.95,147.6,148.84504285714286,20,0.8435249709639995,1.735159891225776,0.6073059619290216,tp_final,3.140454143861926,0.5702614941539628,99.42711065721006,-0.5728893427899395,SOLUSDT:4H空头 / 1H趋势状态确认 / 15m在日内VWAP下方且VWAP下行 / 15m反抽EMA20/VWAP后跌回 / CVD多周期顺势 / 目标RR>=2
7,2025-06-19 07:00,2025-06-19 18:00,XRPUSDT,short,trend_down,7.300000000000001,2.1602,2.176316,20,0.7460420331450698,-1.107232563911642,-0.3875313973690747,stop,1.0672623479771992,1.0486473070240696,99.04179938591648,-0.9582006140835264,XRPUSDT:4H空头 / 1H趋势状态确认 / 15m在日内VWAP下方且VWAP下行 / CVD多周期顺势 / 量能实体合格 / 目标RR>=2
8,2025-06-20 16:45,2025-06-20 20:00,BNBUSDT,short,trend_down,7.95,644.03,649.4824,20,0.846606524540784,0.42800509867214065,0.14980178453524923,breakeven_or_trailing_stop,1.1279436578387434,0.21641845792679576,99.1901657688324,-0.8098342311675943,BNBUSDT:4H空头 / 1H趋势状态确认 / 15m在日内VWAP下方且VWAP下行 / 15m反抽EMA20/VWAP后跌回 / CVD多周期顺势 / 目标RR>=2
9,2025-06-21 05:00,2025-06-21 07:30,BNBUSDT,short,trend_down,8.0,642.37,645.0645285714286,40,0.41946675147167173,1.0492816660216195,0.36724858310756686,breakeven_or_trailing_stop,2.104264196758491,0.5566836499361127,99.55444024720049,-0.445559752799507,BNBUSDT:4H空头 / 1H趋势状态确认 / 15m反抽EMA20/VWAP后跌回 / 跌破短结构低点 / CVD多周期顺势 / 目标RR>=2
10,2025-06-22 07:30,2025-06-22 13:30,BTCUSDT,short,trend_down,7.7,102292.0,102949.12742857143,30,0.6424035394472996,1.705467684893472,0.5969136897127152,tp_final,3.1555523477507674,0.7573873473551038,100.14869432975289,0.0,BTCUSDT:4H空头 / 1H趋势状态确认 / 15m反抽EMA20/VWAP后跌回 / 跌破短结构低点 / 量能实体合格 / 目标RR>=2
11,2025-06-25 19:00,2025-06-26 13:45,BTCUSDT,long,trend_up,7.8,107633.9,106805.51042857143,20,0.769636305502784,-1.103945200386224,-0.3863808201351784,stop,0.7436114857623156,1.0776330736039237,99.76173898324691,-0.38638082013517927,BTCUSDT:4H多头 / 1H趋势状态确认 / 15m在日内VWAP上方且VWAP上行 / 15m回踩EMA20/VWAP后收回 / 突破短结构高点 / 目标RR>=2
12,2025-07-01 02:00,2025-07-01 03:00,BNBUSDT,long,trend_up,7.95,658.21,656.4347571428572,50,0.26970767037007504,-1.2966174446956933,-0.4538161056434927,stop,0.4224774075176804,1.0421109385436245,99.30900414447092,-0.8384434673877728,BNBUSDT:4H多头 / 1H趋势状态确认 / 15m在日内VWAP上方且VWAP上行 / 15m回踩EMA20/VWAP后收回 / CVD多周期顺势 / 目标RR>=2
13,2025-07-02 02:00,2025-07-02 03:15,LINKUSDT,short,trend_down,7.65,12.835,12.927943241881145,20,0.7241390095920875,-1.1104760259291437,-0.3886666090752003,stop,0.15062956398598926,1.2803512938808035,98.92302320555625,-1.2238513266692785,LINKUSDT:4H空头 / 1H趋势状态确认 / 15m在日内VWAP下方且VWAP下行 / 15m反抽EMA20/VWAP后跌回 / 量能实体合格 / 目标RR>=2
14,2025-07-03 04:00,2025-07-03 10:30,XRPUSDT,long,trend_up,8.7,2.2487,2.2311875714285714,20,0.7787801205776022,1.7272752412572294,0.6045463344400304,tp_final,3.015001590707011,0.057102302854293206,99.5210587162627,-0.6267037405636167,XRPUSDT:4H多头 / 1H趋势状态确认 / 15m在日内VWAP上方且VWAP上行 / 15m回踩EMA20/VWAP后收回 / 突破短结构高点 / 量能实体合格 / 目标RR>=2
15,2025-07-05 02:15,2025-07-05 04:15,LINKUSDT,short,trend_down,7.8,13.112,13.219891428571428,20,0.8228449402945975,-1.0972236640008484,-0.3840282824002969,stop,0.48196599756368885,1.1307663788994313,99.13886970384804,-1.0083253033532857,LINKUSDT:4H空头 / 1H趋势状态确认 / 15m在日内VWAP下方且VWAP下行 / 15m反抽EMA20/VWAP后跌回 / 跌破短结构低点 / 目标RR>=2
16,2025-07-08 04:45,2025-07-08 07:45,AVAXUSDT,short,trend_down,7.95,17.759,17.90293584909611,20,0.8104952367594447,-1.0987050834744685,-0.38454677921606395,stop,0.2987441993779258,1.0004456909400363,98.75763437345068,-1.3889946000912867,AVAXUSDT:4H空头 / 1H趋势状态确认 / 15m在日内VWAP下方且VWAP下行 / 15m反抽EMA20/VWAP后跌回 / CVD多周期顺势 / 目标RR>=2
17,2025-07-09 02:00,2025-07-09 10:15,BNBUSDT,long,trend_up,8.850000000000001,661.83,659.2031714285714,40,0.39690382294979554,-1.2015601648919345,-0.42054605771217707,stop,1.054503529514103,1.3019502061149217,98.34231303540334,-1.8036992957709441,BNBUSDT:4H多头 / 1H趋势状态确认 / 15m在日内VWAP上方且VWAP上行 / 15m回踩EMA20/VWAP后收回 / CVD多周期顺势 / 量能实体合格 / 目标RR>=2
18,2025-07-10 03:00,2025-07-10 15:30,BNBUSDT,long,trend_up,8.7,671.26,667.3377236365473,30,0.5843155205811069,-1.1369123310646263,-0.39791931587261925,stop,0.6730785277139478,1.055509509369602,97.95098997615955,-2.1944413437454346,BNBUSDT:4H多头 / 1H趋势状态确认 / 15m在日内VWAP上方且VWAP上行 / 15m回踩EMA20/VWAP后收回 / 突破短结构高点 / 量能实体合格 / 目标RR>=2
19,2025-07-11 13:00,2025-07-11 15:45,BNBUSDT,long,trend_up,7.7,690.97,687.5279571428572,30,0.4981464979872986,-1.1605953275255982,-0.4062083646339594,stop,1.0720377848702696,1.2899316435837753,97.55310486163461,-2.5917357040841194,BNBUSDT:4H多头 / 1H趋势状态确认 / 15m回踩EMA20/VWAP后收回 / 突破短结构高点 / 量能实体合格 / 目标RR>=2
20,2025-07-12 02:30,2025-07-12 15:30,BTCUSDT,long,trend_up,7.95,117637.1,117023.57328571429,30,0.521541855660943,-1.153391332127346,-0.40368696624457107,stop,0.8798312892184897,1.1867453902927034,97.15929569214128,-2.9849601710917995,BTCUSDT:4H多头 / 1H趋势状态确认 / 15m在日内VWAP上方且VWAP上行 / 15m回踩EMA20/VWAP后收回 / CVD多周期顺势 / 目标RR>=2
21,2025-07-13 10:15,2025-07-13 15:30,AVAXUSDT,long,trend_up,7.95,21.197,21.032743481053373,20,0.7749045569968679,1.136761479491051,0.3978665178218679,breakeven_or_trailing_stop,2.678736909936439,0.8766775341610038,97.54585999865186,-2.5989698103610293,AVAXUSDT:4H多头 / 1H趋势状态确认 / 15m在日内VWAP上方且VWAP上行 / 15m回踩EMA20/VWAP后收回 / CVD多周期顺势 / 目标RR>=2
22,2025-07-14 03:15,2025-07-14 05:45,BNBUSDT,long,trend_up,9.6,694.71,689.9087857142857,20,0.6911105764584228,0.40674428344020364,0.1423604992040713,breakeven_or_trailing_stop,1.882857015338365,0.3769879643542661,97.68472677189884,-2.4603092175531582,BNBUSDT:4H多头 / 1H趋势状态确认 / 15m在日内VWAP上方且VWAP上行 / 15m回踩EMA20/VWAP后收回 / 突破前日高点 / CVD多周期顺势 / 量能实体合格 / 目标RR>=2
23,2025-07-16 14:15,2025-07-16 14:45,BNBUSDT,long,trend_up,7.5,693.87,690.6914714285714,40,0.458087043888425,1.6553607014926068,0.5793762455224124,tp_final,3.3254380957945204,0.1226982835723568,98.2506888743187,-1.8951874192036366,BNBUSDT:4H多头 / 1H趋势状态确认 / 15m在日内VWAP上方且VWAP上行 / 15m回踩EMA20/VWAP后收回 / 突破前日高点 / 目标RR>=2
24,2025-07-17 10:00,2025-07-17 12:00,BNBUSDT,long,trend_up,7.300000000000001,716.65,713.5311951049343,40,0.4351921991300686,0.3386731755304564,0.11853561143565974,breakeven_or_trailing_stop,1.1254310923883943,0.5450805860570366,98.36715092911562,-1.7788982797631858,BNBUSDT:4H多头 / 1H趋势状态确认 / 15m在日内VWAP上方且VWAP上行 / CVD多周期顺势 / 量能实体合格 / 目标RR>=2
25,2025-07-18 03:30,2025-07-18 07:45,BTCUSDT,long,trend_up,7.95,120324.0,119406.01157142856,20,0.7629304449415213,-1.1048588380899285,-0.386700593331475,stop,0.5687435524786433,1.1154824702894546,97.98676457282946,-2.1587198628920556,BTCUSDT:4H多头 / 1H趋势状态确认 / 15m在日内VWAP上方且VWAP上行 / 15m回踩EMA20/VWAP后收回 / CVD多周期顺势 / 目标RR>=2
26,2025-07-19 05:45,2025-07-19 08:00,ETHUSDT,long,trend_up,7.95,3584.82,3563.0085999999997,30,0.6084378016190632,-1.1314842696938268,-0.3960194943928394,stop,0.06418661800707905,1.4588701321327118,97.59871788319623,-2.5461904057985207,ETHUSDT:4H多头 / 1H趋势状态确认 / 15m在日内VWAP上方且VWAP上行 / 15m回踩EMA20/VWAP后收回 / CVD多周期顺势 / 目标RR>=2
27,2025-07-21 08:00,2025-07-21 11:00,BNBUSDT,long,trend_up,7.5,762.86,757.733391493169,20,0.6720248154092444,1.7109567769438958,0.5988348719303636,tp_final,3.401859138797505,0.31599838330573354,98.18317304043774,-1.9626030099238356,BNBUSDT:4H多头 / 1H趋势状态确认 / 15m在日内VWAP上方且VWAP上行 / 15m回踩EMA20/VWAP后收回 / 突破前日高点 / 目标RR>=2
28,2025-07-22 08:15,2025-07-22 14:00,BTCUSDT,long,trend_up,7.95,117684.6,116813.59214285715,20,0.740120506117929,1.1319094940098129,0.3961683229034345,breakeven_or_trailing_stop,2.1787403918777066,0.18668029073053083,98.57214367044541,-1.574209898450063,BTCUSDT:4H多头 / 1H趋势状态确认 / 15m在日内VWAP上方且VWAP上行 / 15m回踩EMA20/VWAP后收回 / CVD多周期顺势 / 目标RR>=2
29,2025-07-24 02:00,2025-07-24 04:00,BTCUSDT,long,trend_up,7.95,118909.3,118332.77585714286,30,0.4848436100936985,-1.1650016589566676,-0.40775058063483366,stop,0.6176671079813345,1.3518948159524553,98.17021518228496,-1.975541629083566,BTCUSDT:4H多头 / 1H趋势状态确认 / 15m在日内VWAP上方且VWAP上行 / 15m回踩EMA20/VWAP后收回 / CVD多周期顺势 / 目标RR>=2
30,2025-07-30 05:15,2025-07-30 07:45,ETHUSDT,long,trend_up,8.850000000000001,3807.88,3787.2532,30,0.5416872380432157,0.37481330114220346,0.1311846553997712,breakeven_or_trailing_stop,1.1989256695173276,0.7213915876432654,98.29899944077705,-1.8469485811621889,ETHUSDT:4H多头 / 1H趋势状态确认 / 15m在日内VWAP上方且VWAP上行 / 15m回踩EMA20/VWAP后收回 / CVD多周期顺势 / 量能实体合格 / 目标RR>=2
31,2025-08-07 13:30,2025-08-07 15:00,BNBUSDT,long,trend_up,7.95,776.26,771.0864428876243,20,0.6664722016303362,-1.1200350139200144,-0.39201225487200503,stop,0.1778273594002143,1.0167085983099644,97.91365531655264,-2.2317205712548693,BNBUSDT:4H多头 / 1H趋势状态确认 / 15m在日内VWAP上方且VWAP上行 / 15m回踩EMA20/VWAP后收回 / CVD多周期顺势 / 目标RR>=2
32,2025-08-08 04:45,2025-08-08 14:30,BNBUSDT,long,trend_up,7.95,787.67,780.7712428571429,20,0.8758435820657264,0.43115948939043125,0.15090582128665092,breakeven_or_trailing_stop,1.3814082453775514,0.4928423960423506,98.06141272225986,-2.0841825462250885,BNBUSDT:4H多头 / 1H趋势状态确认 / 15m在日内VWAP上方且VWAP上行 / 15m回踩EMA20/VWAP后收回 / CVD多周期顺势 / 目标RR>=2
33,2025-08-09 02:00,2025-08-09 04:30,ETHUSDT,long,trend_up,8.850000000000001,4024.32,4002.859234679671,30,0.5332768100034118,1.6799841011284775,0.5879944353949671,tp_final,3.5912046401715916,0.04752859391429805,98.63800837233644,-1.5084429882254002,ETHUSDT:4H多头 / 1H趋势状态确认 / 15m在日内VWAP上方且VWAP上行 / 15m回踩EMA20/VWAP后收回 / CVD多周期顺势 / 量能实体合格 / 目标RR>=2
34,2025-08-10 05:00,2025-08-10 06:15,BNBUSDT,long,trend_up,7.300000000000001,813.56,806.6328857142856,20,0.8514570880714772,-1.0939565846837889,-0.3828848046393261,stop,0.10393938519029101,1.188084916827851,98.2603384266799,-1.885552193876161,BNBUSDT:4H多头 / 1H趋势状态确认 / 15m在日内VWAP上方且VWAP上行 / CVD多周期顺势 / 量能实体合格 / 目标RR>=2
35,2025-08-11 08:00,2025-08-11 10:15,XRPUSDT,long,trend_up,7.300000000000001,3.2571,3.2296102857142857,20,0.8439935613187877,1.1452125470305787,0.40082439146070253,breakeven_or_trailing_stop,2.753757249464752,0.29465566341695876,98.65418983022586,-1.4922855555222436,XRPUSDT:4H多头 / 1H趋势状态确认 / 15m在日内VWAP上方且VWAP上行 / CVD多周期顺势 / 量能实体合格 / 目标RR>=2
36,2025-08-12 05:15,2025-08-12 09:15,ETHUSDT,long,trend_up,8.850000000000001,4290.47,4264.888057142857,30,0.5962503608495823,0.38832817344377935,0.13591486070532277,breakeven_or_trailing_stop,1.6523373629613418,0.9565340731408779,98.78827553491358,-1.3583989326510282,ETHUSDT:4H多头 / 1H趋势状态确认 / 15m在日内VWAP上方且VWAP上行 / 15m回踩EMA20/VWAP后收回 / CVD多周期顺势 / 量能实体合格 / 目标RR>=2
37,2025-08-13 13:00,2025-08-13 15:15,BTCUSDT,long,trend_up,8.4,120470.1,119770.00116712537,30,0.5811390817095956,1.102339322000756,0.3858187627002646,breakeven_or_trailing_stop,2.497076009713976,0.57706138194969,99.16941923727532,-0.9778211279052429,BTCUSDT:4H多头 / 1H趋势状态确认 / 15m在日内VWAP上方且VWAP上行 / 15m回踩EMA20/VWAP后收回 / 突破前日高点 / 量能实体合格 / 目标RR>=2
38,2025-08-14 05:15,2025-08-14 12:30,BNBUSDT,long,trend_up,7.65,853.41,847.0533714285715,20,0.7448504905530136,1.132595895398276,0.3964085633893966,breakeven_or_trailing_stop,2.6334714718494503,3.1400293057416246,99.56253530739542,-0.5852887312014832,BNBUSDT:4H多头 / 1H趋势状态确认 / 15m在日内VWAP上方且VWAP上行 / 15m回踩EMA20/VWAP后收回 / 量能实体合格 / 目标RR>=2
39,2025-08-15 05:15,2025-08-15 09:15,ETHUSDT,long,trend_up,7.95,4615.87,4592.293255151426,30,0.5107757551355212,1.08337549463605,0.37918142312261754,breakeven_or_trailing_stop,2.1262477208778963,0.5183073438884576,99.94005794567096,-0.20832661421921195,ETHUSDT:4H多头 / 1H趋势状态确认 / 15m在日内VWAP上方且VWAP上行 / 15m回踩EMA20/VWAP后收回 / CVD多周期顺势 / 目标RR>=2
40,2025-08-20 13:30,2025-08-20 15:00,BTCUSDT,short,trend_down,7.8500000000000005,113089.9,113961.42185714286,20,0.770645174452246,-1.1038091233840033,-0.3863331931844011,stop,0.9042802467211059,1.0312994363062322,99.55395632853912,-0.5938549725426401,BTCUSDT:4H空头 / 1H趋势状态确认 / 15m反抽EMA20/VWAP后跌回 / CVD多周期顺势 / 量能实体合格 / 目标RR>=2
41,2025-08-21 04:00,2025-08-22 04:00,BTCUSDT,short,trend_down,7.95,113870.0,114828.58028571428,20,0.8418198697763103,0.8651766093964579,0.3028118132887603,time_after_tp1,2.009221375301751,0.13259191941893264,99.85541746889825,-0.2928414222645559,BTCUSDT:4H空头 / 1H趋势状态确认 / 15m在日内VWAP下方且VWAP下行 / 15m反抽EMA20/VWAP后跌回 / CVD多周期顺势 / 目标RR>=2
42,2025-08-23 08:45,2025-08-23 10:15,BNBUSDT,long,trend_up,7.65,890.88,884.1612142857142,20,0.7541740430008291,0.41642368944218355,0.14574829130476424,breakeven_or_trailing_stop,1.3573881334849909,0.2857659228389392,100.00095503363441,-0.14751994232897747,BNBUSDT:4H多头 / 1H趋势状态确认 / 15m在日内VWAP上方且VWAP上行 / 15m回踩EMA20/VWAP后收回 / 量能实体合格 / 目标RR>=2
43,2025-08-25 04:00,2025-08-25 16:15,BTCUSDT,short,trend_down,7.8500000000000005,112800.0,113681.24257142858,20,0.7812434143870374,1.1375991368032616,0.3981596978811416,breakeven_or_trailing_stop,2.5734117637141414,0.11086618278281322,100.3991185340746,0.0,BTCUSDT:4H空头 / 1H趋势状态确认 / 15m反抽EMA20/VWAP后跌回 / CVD多周期顺势 / 量能实体合格 / 目标RR>=2
44,2025-08-28 07:30,2025-08-28 12:15,ETHUSDT,long,trend_up,7.95,4573.44,4533.095592723462,20,0.8821457650376483,0.43181203983438277,0.15113421394203397,breakeven_or_trailing_stop,1.4792632741120237,0.01982926640899023,100.55085595267582,0.0,ETHUSDT:4H多头 / 1H趋势状态确认 / 15m在日内VWAP上方且VWAP上行 / 15m回踩EMA20/VWAP后收回 / CVD多周期顺势 / 目标RR>=2
45,2025-08-29 03:30,2025-08-29 13:45,BTCUSDT,short,trend_down,7.95,111689.7,112613.965,20,0.8275293066415251,1.7333266866104418,0.6066643403136546,tp_final,3.117720567153352,0.11630863442843781,101.16086213962085,0.0,BTCUSDT:4H空头 / 1H趋势状态确认 / 15m在日内VWAP下方且VWAP下行 / 15m反抽EMA20/VWAP后跌回 / CVD多周期顺势 / 目标RR>=2
46,2025-08-30 02:00,2025-08-30 04:15,BTCUSDT,short,trend_down,7.65,107736.4,108552.49714285714,20,0.7574943499663532,-1.1056113487890087,-0.3869639720761531,stop,0.20512263946167977,1.0769551243899547,100.7694060492989,-0.38696397207614863,BTCUSDT:4H空头 / 1H趋势状态确认 / 15m在日内VWAP下方且VWAP下行 / 15m反抽EMA20/VWAP后跌回 / 量能实体合格 / 目标RR>=2
47,2025-09-03 13:15,2025-09-03 16:15,SOLUSDT,long,trend_up,7.65,210.08,208.4987142857143,20,0.7527064519638769,0.41621686692564663,0.14567590342397632,breakeven_or_trailing_stop,1.8149787695365303,0.0,100.91620279193619,-0.24185178191441503,SOLUSDT:4H多头 / 1H趋势状态确认 / 15m在日内VWAP上方且VWAP上行 / 15m回踩EMA20/VWAP后收回 / 量能实体合格 / 目标RR>=2
48,2025-09-04 13:15,2025-09-04 15:00,BTCUSDT,short,trend_down,7.95,110729.6,111132.68271428572,40,0.36402435688895834,1.6102344857259012,0.5635820700040655,tp_final,3.416916556297016,0.2870378607155696,101.48494841660047,0.0,BTCUSDT:4H空头 / 1H趋势状态确认 / 15m在日内VWAP下方且VWAP下行 / 15m反抽EMA20/VWAP后跌回 / CVD多周期顺势 / 目标RR>=2
49,2025-09-07 02:30,2025-09-07 08:00,BNBUSDT,long,trend_up,7.95,863.49,860.5802203076516,50,0.33697896818126044,1.592596459856901,0.5574087609499153,tp_final,3.7872283008155114,0.051550294475702495,102.05063441012011,0.0,BNBUSDT:4H多头 / 1H趋势状态确认 / 15m在日内VWAP上方且VWAP上行 / 15m回踩EMA20/VWAP后收回 / CVD多周期顺势 / 目标RR>=2
50,2025-09-08 11:30,2025-09-08 13:00,DOGEUSDT,long,trend_up,7.300000000000001,0.23287,0.2308043034820783,20,0.8870599553062581,1.7398144386729983,0.6089350535355494,tp_final,3.3499596576569175,0.10166062544912015,102.67205649539873,0.0,DOGEUSDT:4H多头 / 1H趋势状态确认 / 15m在日内VWAP上方且VWAP上行 / CVD多周期顺势 / 量能实体合格 / 目标RR>=2
51,2025-09-09 09:15,2025-09-09 13:00,BNBUSDT,long,trend_up,7.95,882.83,878.5587264081714,30,0.4838160905076421,-1.165352086401385,-0.4078732302404848,stop,0.2481695394150901,1.1706110349769003,102.25328466201661,-0.4078732302404853,BNBUSDT:4H多头 / 1H趋势状态确认 / 15m在日内VWAP上方且VWAP上行 / 15m回踩EMA20/VWAP后收回 / CVD多周期顺势 / 目标RR>=2
52,2025-09-10 02:15,2025-09-10 13:00,BNBUSDT,long,trend_up,8.850000000000001,881.62,877.1114285714285,30,0.5113962283718025,1.6735655259822582,0.5857479340937903,tp_final,4.409378960709702,0.5478453738910004,102.85223116446741,0.0,BNBUSDT:4H多头 / 1H趋势状态确认 / 15m在日内VWAP上方且VWAP上行 / 15m回踩EMA20/VWAP后收回 / CVD多周期顺势 / 量能实体合格 / 目标RR>=2
53,2025-09-11 02:00,2025-09-11 12:30,ETHUSDT,long,trend_up,7.95,4373.01,4334.364042857143,20,0.8837381378697233,1.1494754468865143,0.40231640641028005,breakeven_or_trailing_stop,2.8574787161251862,1.1419046974789957,103.26602256480109,0.0,ETHUSDT:4H多头 / 1H趋势状态确认 / 15m在日内VWAP上方且VWAP上行 / 15m回踩EMA20/VWAP后收回 / CVD多周期顺势 / 目标RR>=2
54,2025-09-12 02:00,2025-09-12 18:30,BNBUSDT,long,trend_up,7.5,906.19,900.1248334441934,20,0.669304070427463,1.7104728619849772,0.5986655016947421,tp_final,3.381605403789657,0.6331235860825156,103.88424061686887,0.0,BNBUSDT:4H多头 / 1H趋势状态确认 / 15m在日内VWAP上方且VWAP上行 / 15m回踩EMA20/VWAP后收回 / 突破前日高点 / 目标RR>=2
55,2025-09-13 02:00,2025-09-13 09:30,XRPUSDT,long,trend_up,7.65,3.1044,3.0820228556735936,20,0.7208202656360801,1.7190153290440513,0.601655365165418,tp_final,3.1237229818245202,0.35303879193725946,104.5092657241016,0.0,XRPUSDT:4H多头 / 1H趋势状态确认 / 15m在日内VWAP上方且VWAP上行 / 15m回踩EMA20/VWAP后收回 / 量能实体合格 / 目标RR>=2
56,2025-09-14 02:00,2025-09-14 04:15,ETHUSDT,long,trend_up,8.9,4686.98,4646.1597142857145,20,0.8709293770036377,-1.0918558979778976,-0.38214956429226415,stop,0.10582973451576874,1.375786548704793,104.10988402049189,-0.38214956429226676,ETHUSDT:4H多头 / 1H趋势状态确认 / 15m回踩EMA20/VWAP后收回 / 突破短结构高点 / CVD多周期顺势 / 量能实体合格 / 目标RR>=2
57,2025-09-15 04:45,2025-09-15 06:45,BNBUSDT,long,trend_up,7.300000000000001,933.98,926.4305428571429,20,0.8083103645535381,-1.0989718844495915,-0.38464015955735703,stop,0.23842773936441394,1.0053703009866417,103.70943559648049,-0.7653198231557856,BNBUSDT:4H多头 / 1H趋势状态确认 / 15m在日内VWAP上方且VWAP上行 / CVD多周期顺势 / 量能实体合格 / 目标RR>=2
58,2025-09-16 04:15,2025-09-16 11:00,BTCUSDT,long,trend_up,7.65,115252.0,114909.33671428572,50,0.29731656345597746,0.2534265280410566,0.0886992848143698,breakeven_or_trailing_stop,2.089514779815103,0.27724008950060725,103.80142512413958,-0.6772993715510989,BTCUSDT:4H多头 / 1H趋势状态确认 / 15m在日内VWAP上方且VWAP上行 / 15m回踩EMA20/VWAP后收回 / 量能实体合格 / 目标RR>=2
59,2025-09-17 02:30,2025-09-17 03:45,BTCUSDT,long,trend_up,9.9,116834.7,116361.32301024582,40,0.4051681476086974,-1.1974488875104325,-0.41910711062865136,stop,0.5222053571475163,1.0936315266798982,103.36638597051045,-1.0935678723533293,BTCUSDT:4H多头 / 1H趋势状态确认 / 15m在日内VWAP上方且VWAP上行 / 15m回踩EMA20/VWAP后收回 / 突破短结构高点 / CVD多周期顺势 / 量能实体合格 / 目标RR>=2
60,2025-09-18 02:45,2025-09-19 02:45,BTCUSDT,long,trend_up,8.7,116888.4,115986.54185714286,20,0.7715548701643057,0.08082122513091874,0.02828742879582156,timeout,1.094185385823283,0.4420872652287581,103.39562566334067,-1.0655897857907437,BTCUSDT:4H多头 / 1H趋势状态确认 / 15m在日内VWAP上方且VWAP上行 / 15m回踩EMA20/VWAP后收回 / 突破短结构高点 / 量能实体合格 / 目标RR>=2
61,2025-09-20 08:00,2025-09-20 15:00,BNBUSDT,long,trend_up,8.850000000000001,998.83,990.9942643412237,20,0.7844914208400172,1.7280231040457554,0.6048080864160145,tp_final,3.780117309958561,0.6164067051688049,104.02097076835298,-0.46722647256721705,BNBUSDT:4H多头 / 1H趋势状态确认 / 15m在日内VWAP上方且VWAP上行 / 15m回踩EMA20/VWAP后收回 / CVD多周期顺势 / 量能实体合格 / 目标RR>=2
62,2025-09-24 02:15,2025-09-24 04:00,LINKUSDT,short,trend_down,7.65,21.517,21.70052,20,0.852907003764472,1.7362031386224943,0.607671098517873,tp_final,3.1331734960766933,0.2887968613775087,104.65307614410999,0.0,LINKUSDT:4H空头 / 1H趋势状态确认 / 15m在日内VWAP下方且VWAP下行 / 15m反抽EMA20/VWAP后跌回 / 量能实体合格 / 目标RR>=2
63,2025-09-25 02:00,2025-09-25 17:15,BTCUSDT,short,trend_down,7.95,112622.3,113509.85657142858,20,0.788082441424635,1.7284877776804897,0.6049707221881714,tp_final,3.179853646351058,0.5841881145282294,105.28619661465115,0.0,BTCUSDT:4H空头 / 1H趋势状态确认 / 15m在日内VWAP下方且VWAP下行 / 15m反抽EMA20/VWAP后跌回 / CVD多周期顺势 / 目标RR>=2
64,2025-09-26 05:45,2025-09-26 12:30,BTCUSDT,short,trend_down,7.65,109202.8,109751.91942857142,30,0.5028437261420178,0.3634048460964485,0.12719169613375697,breakeven_or_trailing_stop,1.1596748664615573,0.8209507377526241,105.42011191392004,0.0,BTCUSDT:4H空头 / 1H趋势状态确认 / 15m在日内VWAP下方且VWAP下行 / 15m反抽EMA20/VWAP后跌回 / 量能实体合格 / 目标RR>=2
65,2025-09-30 08:15,2025-09-30 15:00,DOGEUSDT,short,trend_down,7.95,0.23215,0.23379482857142858,20,0.7085197378542262,1.7170885372335816,0.6009809880317536,tp_final,3.179662665670723,0.024318643714506354,106.05366674408451,0.0,DOGEUSDT:4H空头 / 1H趋势状态确认 / 15m在日内VWAP下方且VWAP下行 / 15m反抽EMA20/VWAP后跌回 / CVD多周期顺势 / 目标RR>=2
66,2025-10-01 04:45,2025-10-01 08:00,XRPUSDT,short,trend_down,8.850000000000001,2.8351,2.8606077142857145,20,0.899711272467084,-1.0889174143396394,-0.38112109501887376,stop,0.21954142724330947,1.0781052230697654,105.64947384808178,-0.38112109501887703,XRPUSDT:4H空头 / 1H趋势状态确认 / 15m在日内VWAP下方且VWAP下行 / 15m反抽EMA20/VWAP后跌回 / CVD多周期顺势 / 量能实体合格 / 目标RR>=2
67,2025-10-02 09:15,2025-10-02 12:30,BNBUSDT,long,trend_up,7.5,1038.38,1030.828758110817,20,0.727213726110198,1.719991075350141,0.6019968763725494,tp_final,3.4312236821753976,0.10726712398929682,106.28548038055126,0.0,BNBUSDT:4H多头 / 1H趋势状态确认 / 15m在日内VWAP上方且VWAP上行 / 15m回踩EMA20/VWAP后收回 / 突破前日高点 / 目标RR>=2
68,2025-10-03 15:00,2025-10-04 15:00,BTCUSDT,long,trend_up,7.95,120799.5,119763.13557142856,20,0.8579211243187594,1.3381476717166922,0.4683516851008423,time_after_tp2,2.991708239420987,0.0,106.78327021893111,0.0,BTCUSDT:4H多头 / 1H趋势状态确认 / 15m在日内VWAP上方且VWAP上行 / 15m回踩EMA20/VWAP后收回 / CVD多周期顺势 / 目标RR>=2
69,2025-10-05 02:15,2025-10-05 04:45,BTCUSDT,long,trend_up,10.65,122821.7,122061.10900000001,30,0.6192643482381255,1.700814458756412,0.5952850605647442,tp_final,4.017402256929234,0.04562241730443529,107.41893507372689,0.0,BTCUSDT:4H多头 / 1H趋势状态确认 / 15m在日内VWAP上方且VWAP上行 / 15m回踩EMA20/VWAP后收回 / 突破短结构高点 / 突破前日高点 / CVD多周期顺势 / 量能实体合格 / 目标RR>=2
70,2025-10-06 03:00,2025-10-07 03:00,BTCUSDT,long,trend_up,7.95,123965.3,122940.66671428572,20,0.826548466154871,1.224542203461502,0.42858977121152575,time_after_tp2,2.1892710604616314,0.7294317005122346,107.87932164179722,0.0,BTCUSDT:4H多头 / 1H趋势状态确认 / 15m在日内VWAP上方且VWAP上行 / 15m回踩EMA20/VWAP后收回 / CVD多周期顺势 / 目标RR>=2
71,2025-10-07 03:15,2025-10-07 06:15,ETHUSDT,long,trend_up,7.300000000000001,4681.79,4657.2526,30,0.5241029606197665,0.3698582368140165,0.1294503828849058,breakeven_or_trailing_stop,1.9912460162853176,0.27590535264532845,108.01897183671616,0.0,ETHUSDT:4H多头 / 1H趋势状态确认 / 15m在日内VWAP上方且VWAP上行 / CVD多周期顺势 / 量能实体合格 / 目标RR>=2
72,2025-10-08 05:45,2025-10-08 10:45,XRPUSDT,short,trend_down,7.95,2.8538,2.876922142857143,20,0.8102229608642115,-1.0987382533749344,-0.38455838868122705,stop,0.5622316270736107,1.0076920700627046,107.60357581915086,-0.38455838868122205,XRPUSDT:4H空头 / 1H趋势状态确认 / 15m在日内VWAP下方且VWAP下行 / 15m反抽EMA20/VWAP后跌回 / CVD多周期顺势 / 目标RR>=2
73,2025-10-09 04:45,2025-10-09 16:45,XRPUSDT,short,trend_down,7.95,2.8446,2.8668906696830048,20,0.7836135021797431,1.727908854585242,0.6047680991048346,tp_final,3.3466917351916483,0.031403273654619916,108.25432791920117,0.0,XRPUSDT:4H空头 / 1H趋势状态确认 / 15m在日内VWAP下方且VWAP下行 / 15m反抽EMA20/VWAP后跌回 / CVD多周期顺势 / 目标RR>=2
74,2025-10-10 02:30,2025-10-10 03:15,XRPUSDT,short,trend_down,7.65,2.8004,2.8182011428571427,30,0.6356642928561264,-1.125852593733949,-0.39404840780688216,stop,0.6179378531073229,1.1853171545968155,107.82775346365352,-0.39404840780687955,XRPUSDT:4H空头 / 1H趋势状态确认 / 15m在日内VWAP下方且VWAP下行 / 15m反抽EMA20/VWAP后跌回 / 量能实体合格 / 目标RR>=2
75,2025-10-17 05:45,2025-10-17 07:45,BTCUSDT,short,trend_down,8.9,108327.9,109246.43414285715,20,0.8479201967887826,1.7356514984511826,0.6074780244579139,tp_final,3.1250879701337366,0.1562271812277273,108.48278337021186,0.0,BTCUSDT:4H空头 / 1H趋势状态确认 / 15m反抽EMA20/VWAP后跌回 / 跌破短结构低点 / CVD多周期顺势 / 量能实体合格 / 目标RR>=2
76,2025-10-22 07:15,2025-10-22 11:15,BTCUSDT,short,trend_down,8.850000000000001,107948.8,108838.57111599692,20,0.8242529013726123,0.42544241019136764,0.14890484356697867,breakeven_or_trailing_stop,1.785290589277233,0.41021785652262516,108.64431948908639,0.0,BTCUSDT:4H空头 / 1H趋势状态确认 / 15m在日内VWAP下方且VWAP下行 / 15m反抽EMA20/VWAP后跌回 / CVD多周期顺势 / 量能实体合格 / 目标RR>=2
77,2025-10-29 08:00,2025-10-29 10:30,DOGEUSDT,short,trend_down,8.9,0.19331,0.19481915714285714,20,0.7806927437055123,-1.1024730928332762,-0.38586558249164665,stop,0.5499758616446311,1.0071847104817329,108.22509845284573,-0.38586558249165126,DOGEUSDT:4H空头 / 1H趋势状态确认 / 15m反抽EMA20/VWAP后跌回 / 跌破短结构低点 / CVD多周期顺势 / 量能实体合格 / 目标RR>=2
78,2025-11-04 02:45,2025-11-04 09:00,BTCUSDT,short,trend_down,7.8500000000000005,106438.0,107351.16942857142,20,0.8579355385965711,1.7367529011202105,0.6078635153920737,tp_final,3.060111204523801,0.8868014791810006,108.88295934083774,0.0,BTCUSDT:4H空头 / 1H趋势状态确认 / 15m反抽EMA20/VWAP后跌回 / CVD多周期顺势 / 量能实体合格 / 目标RR>=2
79,2025-11-06 18:45,2025-11-07 01:15,BTCUSDT,short,trend_down,7.95,101670.0,102492.86626548844,20,0.8093501185093335,0.4236552625119258,0.14827934187917405,breakeven_or_trailing_stop,1.4218592365133698,0.3390587410147266,109.0444102763669,0.0,BTCUSDT:4H空头 / 1H趋势状态确认 / 15m在日内VWAP下方且VWAP下行 / 15m反抽EMA20/VWAP后跌回 / CVD多周期顺势 / 目标RR>=2
80,2025-11-13 13:15,2025-11-13 14:45,BTCUSDT,short,trend_down,7.7,102511.7,103315.61157142857,20,0.7842144569142572,-1.102012911512478,-0.38570451902936725,stop,1.023371262759705,1.1746316803500616,108.62382105818205,-0.38570451902935066,BTCUSDT:4H空头 / 1H趋势状态确认 / 15m反抽EMA20/VWAP后跌回 / 跌破短结构低点 / 量能实体合格 / 目标RR>=2
81,2025-11-16 15:15,2025-11-16 16:15,SOLUSDT,short,trend_down,7.95,139.68,140.93232857142857,20,0.8965697103583643,1.7407710208411753,0.6092698572944114,tp_final,3.010392069630316,0.04791074911878656,109.28563325773096,0.0,SOLUSDT:4H空头 / 1H趋势状态确认 / 15m在日内VWAP下方且VWAP下行 / 15m反抽EMA20/VWAP后跌回 / CVD多周期顺势 / 目标RR>=2
82,2025-11-19 15:00,2025-11-19 15:45,BNBUSDT,short,trend_down,7.95,919.7,926.8115428571429,20,0.7732459342332074,1.726540031498087,0.6042890110243304,tp_final,3.7600842091730415,0.4035692475814003,109.94603433013579,0.0,BNBUSDT:4H空头 / 1H趋势状态确认 / 15m在日内VWAP下方且VWAP下行 / 15m反抽EMA20/VWAP后跌回 / CVD多周期顺势 / 目标RR>=2
83,2025-11-20 09:00,2025-11-20 13:30,BNBUSDT,short,trend_down,7.95,905.59,911.1073428571428,30,0.6092539512519802,0.3911918651317634,0.1369171527961172,breakeven_or_trailing_stop,1.5025348640909202,0.8681715318450405,110.09656930995284,0.0,BNBUSDT:4H空头 / 1H趋势状态确认 / 15m在日内VWAP下方且VWAP下行 / 15m反抽EMA20/VWAP后跌回 / CVD多周期顺势 / 目标RR>=2
84,2025-11-21 14:30,2025-11-21 16:00,AVAXUSDT,short,trend_down,7.300000000000001,13.227,13.340489876033663,20,0.8580167538645415,1.7367617273908968,0.607866604586814,tp_final,3.586222967406162,0.6167951049592932,110.7658095875838,0.0,AVAXUSDT:4H空头 / 1H趋势状态确认 / 15m在日内VWAP下方且VWAP下行 / CVD多周期顺势 / 量能实体合格 / 目标RR>=2
85,2025-12-02 04:15,2025-12-02 09:15,XRPUSDT,short,trend_down,7.95,2.0192,2.0326905714285717,20,0.6681146705909059,0.40276007582014633,0.1409660265370512,breakeven_or_trailing_stop,1.89020903488149,0.437342482580423,110.92195174812103,0.0,XRPUSDT:4H空头 / 1H趋势状态确认 / 15m在日内VWAP下方且VWAP下行 / 15m反抽EMA20/VWAP后跌回 / CVD多周期顺势 / 目标RR>=2
86,2025-12-05 03:15,2025-12-05 15:00,XRPUSDT,short,trend_down,9.9,2.0948,2.1131307142857145,20,0.8750579666657585,1.1485774850952712,0.402002119783345,breakeven_or_trailing_stop,2.3021470599696157,0.21821299146631326,111.36786034545354,0.0,XRPUSDT:4H空头 / 1H趋势状态确认 / 15m在日内VWAP下方且VWAP下行 / 15m反抽EMA20/VWAP后跌回 / 跌破短结构低点 / CVD多周期顺势 / 量能实体合格 / 目标RR>=2
87,2025-12-09 02:15,2025-12-09 07:00,BTCUSDT,short,trend_down,7.95,90259.6,90875.33385714286,20,0.682181016914384,0.4052290733450027,0.14183017567075096,breakeven_or_trailing_stop,1.4465665476526846,0.34641590278915096,111.52581357742226,0.0,BTCUSDT:4H空头 / 1H趋势状态确认 / 15m在日内VWAP下方且VWAP下行 / 15m反抽EMA20/VWAP后跌回 / CVD多周期顺势 / 目标RR>=2
88,2025-12-11 09:45,2025-12-11 15:00,BTCUSDT,short,trend_down,7.65,90196.0,90705.5498220887,30,0.5649361635645647,0.3808910799846402,0.13331187799462407,breakeven_or_trailing_stop,1.9546665641394951,0.49847922418818447,111.67449073395109,0.0,BTCUSDT:4H空头 / 1H趋势状态确认 / 15m在日内VWAP下方且VWAP下行 / 15m反抽EMA20/VWAP后跌回 / 量能实体合格 / 目标RR>=2
89,2025-12-13 02:45,2025-12-13 10:30,BTCUSDT,short,trend_down,8.850000000000001,90195.0,90537.6143715939,40,0.37985960595808643,-1.210604125169411,-0.4237114438092939,stop,0.08668638113990376,1.1791682821725438,111.20131313689559,-0.4237114438092937,BTCUSDT:4H空头 / 1H趋势状态确认 / 15m在日内VWAP下方且VWAP下行 / 15m反抽EMA20/VWAP后跌回 / CVD多周期顺势 / 量能实体合格 / 目标RR>=2
90,2025-12-15 13:15,2025-12-15 15:00,BNBUSDT,short,trend_down,8.850000000000001,887.24,894.2278,20,0.787588476624137,1.7284241105927474,0.6049484387074616,tp_final,3.7121840922751197,0.519476802427087,111.87402374453944,0.0,BNBUSDT:4H空头 / 1H趋势状态确认 / 15m在日内VWAP下方且VWAP下行 / 15m反抽EMA20/VWAP后跌回 / CVD多周期顺势 / 量能实体合格 / 目标RR>=2
91,2025-12-16 02:45,2025-12-16 10:30,BTCUSDT,short,trend_down,7.65,85901.6,86613.62197243929,20,0.8288809200751568,-1.0965156731955492,-0.38378048561844225,stop,0.9488471229132173,1.9469904773454274,111.44467307293175,-0.3837804856184457,BTCUSDT:4H空头 / 1H趋势状态确认 / 15m在日内VWAP下方且VWAP下行 / 15m反抽EMA20/VWAP后跌回 / 量能实体合格 / 目标RR>=2
92,2025-12-17 04:00,2025-12-17 13:00,BTCUSDT,short,trend_down,7.95,87288.4,87963.996,20,0.7739814225028814,0.41913834599376343,0.1466984210978172,breakeven_or_trailing_stop,1.6725972326656635,0.04322109663173172,111.60816064872738,-0.23764506443350042,BTCUSDT:4H空头 / 1H趋势状态确认 / 15m在日内VWAP下方且VWAP下行 / 15m反抽EMA20/VWAP后跌回 / CVD多周期顺势 / 目标RR>=2
93,2025-12-18 04:00,2025-12-18 09:15,XRPUSDT,short,trend_down,7.65,1.8573,1.872807857142857,20,0.834967810416038,0.42668792317258264,0.14934077311040392,breakeven_or_trailing_stop,2.063470130348682,0.1805536364055183,111.77483713869448,-0.0886591922995894,XRPUSDT:4H空头 / 1H趋势状态确认 / 15m在日内VWAP下方且VWAP下行 / 15m反抽EMA20/VWAP后跌回 / 量能实体合格 / 目标RR>=2
94,2025-12-19 02:30,2025-12-19 03:15,BNBUSDT,short,trend_down,7.95,826.5,833.1231,20,0.801343012704177,-1.0998324047651398,-0.3849413416677989,stop,0.01509866980719337,1.9764158777611673,111.3445695809658,-0.47325924808303554,BNBUSDT:4H空头 / 1H趋势状态确认 / 15m在日内VWAP下方且VWAP下行 / 15m反抽EMA20/VWAP后跌回 / CVD多周期顺势 / 目标RR>=2
95,2025-12-23 04:45,2025-12-23 14:45,BNBUSDT,short,trend_down,7.95,855.35,860.4582285714285,30,0.5972091624982202,1.6960435823433329,0.5936152538201664,tp_final,3.410184128688771,0.08417790903191703,112.00552793029881,0.0,BNBUSDT:4H空头 / 1H趋势状态确认 / 15m在日内VWAP下方且VWAP下行 / 15m反抽EMA20/VWAP后跌回 / CVD多周期顺势 / 目标RR>=2
96,2025-12-24 03:15,2025-12-24 14:45,BTCUSDT,short,trend_down,7.65,87195.0,87895.43228571428,20,0.8032940945172123,0.4229100732894302,0.14801852565130058,breakeven_or_trailing_stop,1.1992593961361862,0.36406088811277076,112.17131686138919,0.0,BTCUSDT:4H空头 / 1H趋势状态确认 / 15m在日内VWAP下方且VWAP下行 / 15m反抽EMA20/VWAP后跌回 / 量能实体合格 / 目标RR>=2
97,2025-12-26 14:30,2025-12-26 15:00,BNBUSDT,short,trend_down,7.8500000000000005,839.44,844.0957857142857,30,0.5546299573865534,1.6857596845706562,0.5900158895997296,tp_final,3.9585155183259313,0.008591460701730478,112.83314545444463,0.0,BNBUSDT:4H空头 / 1H趋势状态确认 / 15m反抽EMA20/VWAP后跌回 / CVD多周期顺势 / 量能实体合格 / 目标RR>=2
98,2025-12-27 02:00,2025-12-27 05:45,BNBUSDT,short,trend_down,8.850000000000001,835.14,836.9404142857143,50,0.21558233179039232,-1.371087924207921,-0.47988077347277236,stop,0.39990795769229304,1.2719294765490303,112.29168088330418,-0.4798807734727739,BNBUSDT:4H空头 / 1H趋势状态确认 / 15m在日内VWAP下方且VWAP下行 / 15m反抽EMA20/VWAP后跌回 / CVD多周期顺势 / 量能实体合格 / 目标RR>=2
99,2025-12-30 02:00,2025-12-30 03:30,BTCUSDT,short,trend_down,7.65,87175.6,87486.88171269228,40,0.3570743564624443,0.29845702813116004,0.104459959845906,breakeven_or_trailing_stop,1.2419618121999638,0.44654084815259276,112.40898072806519,-0.37592209689013556,BTCUSDT:4H空头 / 1H趋势状态确认 / 15m在日内VWAP下方且VWAP下行 / 15m反抽EMA20/VWAP后跌回 / 量能实体合格 / 目标RR>=2
100,2026-01-01 02:15,2026-01-01 05:00,XRPUSDT,short,trend_down,8.0,1.8384,1.8492775714285714,30,0.5916868705706796,0.38729334935581106,0.13555267227453388,breakeven_or_trailing_stop,1.259472308682358,0.5056275691790527,112.56135410531866,-0.24087899706359828,XRPUSDT:4H空头 / 1H趋势状态确认 / 15m反抽EMA20/VWAP后跌回 / 跌破短结构低点 / CVD多周期顺势 / 目标RR>=2
101,2026-01-05 10:00,2026-01-06 10:00,BNBUSDT,long,trend_up,9.9,902.44,895.624557142857,20,0.7552239325764606,1.4797340283934926,0.5179069099377224,time_after_tp2,2.214089431354362,0.23622822958784442,113.14431713614957,0.0,BNBUSDT:4H多头 / 1H趋势状态确认 / 15m在日内VWAP上方且VWAP上行 / 15m回踩EMA20/VWAP后收回 / 突破短结构高点 / CVD多周期顺势 / 量能实体合格 / 目标RR>=2
102,2026-01-06 11:00,2026-01-06 16:30,ETHUSDT,long,trend_up,7.8,3236.59,3211.325542857143,20,0.7805887413251997,1.1375132540802668,0.39812963892809344,breakeven_or_trailing_stop,2.8265004704519745,0.33248290087938515,113.59477819743137,0.0,ETHUSDT:4H多头 / 1H趋势状态确认 / 15m在日内VWAP上方且VWAP上行 / 15m回踩EMA20/VWAP后收回 / 突破短结构高点 / 目标RR>=2
103,2026-01-07 05:30,2026-01-07 12:00,BNBUSDT,long,trend_up,7.8,914.99,907.8726,20,0.7778664247696669,-1.1028454210807321,-0.38599589737825624,stop,0.8401944530306066,1.063590637030387,113.15630701395335,-0.3859958973782551,BNBUSDT:4H多头 / 1H趋势状态确认 / 15m在日内VWAP上方且VWAP上行 / 15m回踩EMA20/VWAP后收回 / 突破短结构高点 / 目标RR>=2
104,2026-01-09 07:30,2026-01-09 08:00,SOLUSDT,long,trend_up,7.65,140.1,138.92933358783506,20,0.8355934419449922,-1.0957403397204577,-0.38350911890216016,stop,0.0,1.3240321785038154,112.72234225794192,-0.7680246868153828,SOLUSDT:4H多头 / 1H趋势状态确认 / 15m在日内VWAP上方且VWAP上行 / 15m回踩EMA20/VWAP后收回 / 量能实体合格 / 目标RR>=2
105,2026-01-10 02:00,2026-01-10 09:30,BNBUSDT,long,trend_up,7.95,900.29,896.1003302592015,40,0.4653689078850617,1.0680933714210281,0.37383267999735986,breakeven_or_trailing_stop,2.6111843359556133,0.25539005845268065,113.14373521096057,-0.3970631340877939,BNBUSDT:4H多头 / 1H趋势状态确认 / 15m在日内VWAP上方且VWAP上行 / 15m回踩EMA20/VWAP后收回 / CVD多周期顺势 / 目标RR>=2
106,2026-01-12 18:15,2026-01-13 18:00,BNBUSDT,long,trend_up,7.95,907.82,899.9057428571429,20,0.871787044001806,1.7382344701605428,0.60838206455619,tp_final,4.0622890335343875,0.7871869573536338,113.83208140315301,0.0,BNBUSDT:4H多头 / 1H趋势状态确认 / 15m在日内VWAP上方且VWAP上行 / 15m回踩EMA20/VWAP后收回 / CVD多周期顺势 / 目标RR>=2
107,2026-01-14 14:00,2026-01-14 20:00,BTCUSDT,long,trend_up,9.9,95428.7,94606.064,20,0.8620425511402738,1.7371971564580202,0.6080190047603071,tp_final,3.043144233901766,0.1442922507646119,114.52420209159841,0.0,BTCUSDT:4H多头 / 1H趋势状态确认 / 15m在日内VWAP上方且VWAP上行 / 15m回踩EMA20/VWAP后收回 / 突破短结构高点 / CVD多周期顺势 / 量能实体合格 / 目标RR>=2
108,2026-01-15 07:30,2026-01-15 11:45,BTCUSDT,long,trend_up,8.7,96549.8,96067.58071428572,30,0.49945135641324995,0.3623242411943628,0.12681348441802698,breakeven_or_trailing_stop,1.2550306840249117,0.634566076192374,114.66943422277272,0.0,BTCUSDT:4H多头 / 1H趋势状态确认 / 15m在日内VWAP上方且VWAP上行 / 15m回踩EMA20/VWAP后收回 / 突破短结构高点 / 量能实体合格 / 目标RR>=2
109,2026-01-17 15:15,2026-01-17 22:45,BNBUSDT,long,trend_up,8.7,945.89,940.4790265675166,30,0.5720510241659588,1.100152334983337,0.385053317244168,breakeven_or_trailing_stop,2.700068699708011,0.18665772667385788,115.11097268311262,0.0,BNBUSDT:4H多头 / 1H趋势状态确认 / 15m在日内VWAP上方且VWAP上行 / 15m回踩EMA20/VWAP后收回 / 突破短结构高点 / 量能实体合格 / 目标RR>=2
110,2026-01-20 03:15,2026-01-20 13:30,DOGEUSDT,short,trend_down,7.95,0.12805,0.12919755714285713,20,0.8961789479555926,1.7407321141804326,0.6092562399631515,tp_final,3.067385377634492,0.14814077107894175,115.81229346706677,0.0,DOGEUSDT:4H空头 / 1H趋势状态确认 / 15m在日内VWAP下方且VWAP下行 / 15m反抽EMA20/VWAP后跌回 / CVD多周期顺势 / 目标RR>=2
111,2026-01-21 10:00,2026-01-21 14:00,LINKUSDT,short,trend_down,7.65,12.302,12.388881428571429,20,0.7062382423299383,1.1267237778910502,0.3943533222618676,breakeven_or_trailing_stop,2.7969153361724417,0.6560665603367491,116.26900309394182,0.0,LINKUSDT:4H空头 / 1H趋势状态确认 / 15m在日内VWAP下方且VWAP下行 / 15m反抽EMA20/VWAP后跌回 / 量能实体合格 / 目标RR>=2
112,2026-01-28 04:00,2026-01-28 06:00,XRPUSDT,short,trend_down,7.95,1.8985,1.9130147142857141,20,0.7645359118100631,-1.1046386425597687,-0.38662352489591906,stop,0.20668681042883713,1.295237345353992,115.81947977581866,-0.3866235248959349,XRPUSDT:4H空头 / 1H趋势状态确认 / 15m在日内VWAP下方且VWAP下行 / 15m反抽EMA20/VWAP后跌回 / CVD多周期顺势 / 目标RR>=2
113,2026-01-29 05:45,2026-01-29 15:00,BTCUSDT,short,trend_down,7.95,88149.3,88782.0537431126,20,0.7178204967170432,1.7185515245581862,0.6014930335953652,tp_final,4.534623510697147,0.49292478060377515,116.5161258782166,0.0,BTCUSDT:4H空头 / 1H趋势状态确认 / 15m在日内VWAP下方且VWAP下行 / 15m反抽EMA20/VWAP后跌回 / CVD多周期顺势 / 目标RR>=2
114,2026-01-31 02:00,2026-01-31 08:30,ETHUSDT,short,trend_down,7.65,2695.24,2715.705879233999,20,0.7593342052655498,1.7246445459123985,0.6036255910693394,tp_final,4.3892568197494635,0.6019775578238244,117.21944703174009,0.0,ETHUSDT:4H空头 / 1H趋势状态确认 / 15m在日内VWAP下方且VWAP下行 / 15m反抽EMA20/VWAP后跌回 / 量能实体合格 / 目标RR>=2
115,2026-02-01 05:30,2026-02-01 10:00,BTCUSDT,short,trend_down,7.7,78545.3,79149.49495928173,20,0.7692312070635995,-1.103999940805035,-0.38639997928176223,stop,1.0681982530394962,1.0736600662328923,116.76651111269526,-0.3863999792817596,BTCUSDT:4H空头 / 1H趋势状态确认 / 15m反抽EMA20/VWAP后跌回 / 跌破短结构低点 / 量能实体合格 / 目标RR>=2
116,2026-02-03 15:45,2026-02-03 16:15,BTCUSDT,short,trend_down,7.300000000000001,78094.1,78514.15685714287,30,0.5378855216243728,1.6812694676026858,0.5884443136609401,tp_final,3.556899440143812,0.017616662778290212,117.45361700759818,0.0,BTCUSDT:4H空头 / 1H趋势状态确认 / 15m在日内VWAP下方且VWAP下行 / CVD多周期顺势 / 量能实体合格 / 目标RR>=2
117,2026-02-05 09:00,2026-02-05 10:00,DOGEUSDT,short,trend_down,7.300000000000001,0.10249,0.10299295714285714,30,0.4907377723262183,1.666980145993694,0.5834430510977929,tp_final,3.8373050813758782,0.8748260289146994,118.13889197429202,0.0,DOGEUSDT:4H空头 / 1H趋势状态确认 / 15m在日内VWAP下方且VWAP下行 / CVD多周期顺势 / 量能实体合格 / 目标RR>=2
118,2026-02-13 10:00,2026-02-13 14:45,BNBUSDT,short,trend_down,9.6,599.87,604.851169745019,20,0.830374872058775,-1.0963420289942702,-0.3837197101479946,stop,0.9315081070344676,1.0619995444423092,117.68556976043622,-0.38371971014798945,BNBUSDT:4H空头 / 1H趋势状态确认 / 15m在日内VWAP下方且VWAP下行 / 15m反抽EMA20/VWAP后跌回 / 跌破前日低点 / CVD多周期顺势 / 量能实体合格 / 目标RR>=2
119,2026-02-16 08:30,2026-02-16 09:00,SOLUSDT,short,trend_down,7.300000000000001,85.28,85.68285224570612,40,0.4723877177604531,-1.1693524132661042,-0.4092733446431364,stop,0.1737609774951416,1.2907958328209057,117.20391409291535,-0.7914225922993512,SOLUSDT:4H空头 / 1H趋势状态确认 / 15m在日内VWAP下方且VWAP下行 / CVD多周期顺势 / 量能实体合格 / 目标RR>=2
120,2026-02-17 07:15,2026-02-17 18:45,BTCUSDT,short,trend_down,7.95,68179.9,68720.11814285714,20,0.7923422340853381,1.13903352799015,0.3986617347965525,breakeven_or_trailing_stop,2.9467725603968518,0.503315195157945,117.67116125008762,-0.39591595653883926,BTCUSDT:4H空头 / 1H趋势状态确认 / 15m在日内VWAP下方且VWAP下行 / 15m反抽EMA20/VWAP后跌回 / CVD多周期顺势 / 目标RR>=2
121,2026-02-18 02:15,2026-02-18 03:30,BNBUSDT,short,trend_down,7.95,615.81,619.4735857142857,30,0.5949214391266419,-1.1344715364728524,-0.3970650377654984,stop,0.1255600485082689,1.0454238821451216,117.20393020923086,-0.7914089504619803,BNBUSDT:4H空头 / 1H趋势状态确认 / 15m在日内VWAP下方且VWAP下行 / 15m反抽EMA20/VWAP后跌回 / CVD多周期顺势 / 目标RR>=2
122,2026-02-19 04:45,2026-02-19 06:00,SOLUSDT,short,trend_down,7.8500000000000005,81.46,82.07824285714285,20,0.7589526849286279,-1.1054084155556063,-0.38689294544446223,stop,0.2264482288513527,1.1969406382143029,116.75047647146769,-1.1752399905074928,SOLUSDT:4H空头 / 1H趋势状态确认 / 15m反抽EMA20/VWAP后跌回 / CVD多周期顺势 / 量能实体合格 / 目标RR>=2
123,2026-02-20 04:00,2026-02-20 05:30,ETHUSDT,short,trend_down,8.7,1946.94,1961.8036857142858,20,0.7634383039172133,0.4177109167309014,0.14619882085581548,breakeven_or_trailing_stop,1.2392619404147003,1.2042773470913615,116.92116429141254,-1.030759356660016,ETHUSDT:4H空头 / 1H趋势状态确认 / 15m在日内VWAP下方且VWAP下行 / 15m反抽EMA20/VWAP后跌回 / 跌破短结构低点 / 量能实体合格 / 目标RR>=2
124,2026-02-24 09:00,2026-02-24 14:30,ETHUSDT,short,trend_down,7.65,1826.76,1842.2923398523926,20,0.8502671315549182,0.4284119222288416,0.14994417278009456,breakeven_or_trailing_stop,1.9803841721414353,0.22855539047795861,117.09648076401415,-0.882360747470623,ETHUSDT:4H空头 / 1H趋势状态确认 / 15m在日内VWAP下方且VWAP下行 / 15m反抽EMA20/VWAP后跌回 / 量能实体合格 / 目标RR>=2
125,2026-03-19 07:30,2026-03-20 04:00,BNBUSDT,short,trend_down,7.300000000000001,645.74,650.8944571428572,20,0.7982248494528996,1.1397776127179817,0.39892216445129364,breakeven_or_trailing_stop,2.4716472844583843,0.5606798000066477,117.56360457957425,-0.486958515611402,BNBUSDT:4H空头 / 1H趋势状态确认 / 15m在日内VWAP下方且VWAP下行 / CVD多周期顺势 / 量能实体合格 / 目标RR>=2
126,2026-03-20 13:15,2026-03-20 14:30,LINKUSDT,short,trend_down,8.850000000000001,9.086,9.154110000000001,20,0.749614791987682,0.41577852004110694,0.14552248201438742,breakeven_or_trailing_stop,1.5416238437821057,0.014682131845535667,117.73468605490402,-0.34214466771532726,LINKUSDT:4H空头 / 1H趋势状态确认 / 15m在日内VWAP下方且VWAP下行 / 15m反抽EMA20/VWAP后跌回 / CVD多周期顺势 / 量能实体合格 / 目标RR>=2
127,2026-03-23 09:30,2026-03-23 11:00,BNBUSDT,short,trend_down,7.65,623.47,629.0056571428571,20,0.8878786698409027,-1.0901024010570444,-0.3815358403699655,stop,0.0018064702603365502,4.915405578380209,117.2854860310575,-0.7223751035520309,BNBUSDT:4H空头 / 1H趋势状态确认 / 15m在日内VWAP下方且VWAP下行 / 15m反抽EMA20/VWAP后跌回 / 量能实体合格 / 目标RR>=2
128,2026-03-24 04:00,2026-03-24 07:45,BNBUSDT,short,trend_down,7.95,632.42,637.4385,20,0.7935391037601621,-1.1008141875062267,-0.38528496562717934,stop,1.0540998306266705,1.225465776626496,116.83360268651708,-1.1048768665097852,BNBUSDT:4H空头 / 1H趋势状态确认 / 15m在日内VWAP下方且VWAP下行 / 15m反抽EMA20/VWAP后跌回 / CVD多周期顺势 / 目标RR>=2
129,2026-03-26 13:30,2026-03-27 08:30,BTCUSDT,short,trend_down,7.65,69518.9,70056.02975460721,20,0.7726384545889197,1.726458687080798,0.6042605404782794,tp_final,3.6469772586559963,0.6577554063419153,117.53958204557088,-0.507292660956693,BTCUSDT:4H空头 / 1H趋势状态确认 / 15m在日内VWAP下方且VWAP下行 / 15m反抽EMA20/VWAP后跌回 / 量能实体合格 / 目标RR>=2
130,2026-03-27 08:45,2026-03-27 10:30,DOGEUSDT,short,trend_down,8.850000000000001,0.0918,0.09242837142857142,20,0.6845004668533954,1.713126449324783,0.5995942572636741,tp_final,4.089937707452451,0.0,118.24434262952785,0.0,DOGEUSDT:4H空头 / 1H趋势状态确认 / 15m在日内VWAP下方且VWAP下行 / 15m反抽EMA20/VWAP后跌回 / CVD多周期顺势 / 量能实体合格 / 目标RR>=2
131,2026-03-28 02:15,2026-03-28 07:45,BTCUSDT,short,trend_down,7.65,66012.0,66500.88114285714,20,0.7405943508106636,-1.1080213478707082,-0.38780747175474783,stop,0.25364038235411396,1.0675396415371823,117.78578223388325,-0.38780747175475305,BTCUSDT:4H空头 / 1H趋势状态确认 / 15m在日内VWAP下方且VWAP下行 / 15m反抽EMA20/VWAP后跌回 / 量能实体合格 / 目标RR>=2
132,2026-03-29 05:45,2026-03-29 20:15,DOGEUSDT,short,trend_down,7.95,0.091,0.09166487142857142,20,0.7306279434850833,0.4130051460003021,0.14455180110010574,breakeven_or_trailing_stop,1.7747792269182094,0.6918630884596437,117.95604370354219,-0.2438162533398569,DOGEUSDT:4H空头 / 1H趋势状态确认 / 15m在日内VWAP下方且VWAP下行 / 15m反抽EMA20/VWAP后跌回 / CVD多周期顺势 / 目标RR>=2
133,2026-03-31 05:15,2026-03-31 13:45,BNBUSDT,short,trend_down,7.95,613.11,618.0256857142857,20,0.8017624430013701,1.1402198210974785,0.3990769373841175,breakeven_or_trailing_stop,2.9517753663200663,0.174950159547574,118.42677907021377,0.0,BNBUSDT:4H空头 / 1H趋势状态确认 / 15m在日内VWAP下方且VWAP下行 / 15m反抽EMA20/VWAP后跌回 / CVD多周期顺势 / 目标RR>=2
134,2026-04-01 13:00,2026-04-01 16:15,BNBUSDT,short,trend_down,7.300000000000001,615.99,618.7920428571429,40,0.45488447168669155,0.3466311696058463,0.12132090936204622,breakeven_or_trailing_stop,2.062780726306822,0.35331365381380314,118.57045551550995,0.0,BNBUSDT:4H空头 / 1H趋势状态确认 / 15m在日内VWAP下方且VWAP下行 / CVD多周期顺势 / 量能实体合格 / 目标RR>=2
135,2026-04-02 07:30,2026-04-02 13:30,XRPUSDT,short,trend_down,7.95,1.3166,1.3278379954433064,20,0.8535618595857809,1.736275099922081,0.6076962849727284,tp_final,3.3368940385481247,0.07118707282235198,119.29100376875294,0.0,XRPUSDT:4H空头 / 1H趋势状态确认 / 15m在日内VWAP下方且VWAP下行 / 15m反抽EMA20/VWAP后跌回 / CVD多周期顺势 / 目标RR>=2
136,2026-04-03 02:15,2026-04-03 05:30,ETHUSDT,short,trend_down,7.95,2047.86,2063.1504142857143,20,0.7466533007976329,-1.1071447751112033,-0.3875006712889212,stop,0.6219582950662779,1.054909284902103,118.82875032836174,-0.38750067128892063,ETHUSDT:4H空头 / 1H趋势状态确认 / 15m在日内VWAP下方且VWAP下行 / 15m反抽EMA20/VWAP后跌回 / CVD多周期顺势 / 目标RR>=2
137,2026-04-07 03:00,2026-04-07 09:00,DOGEUSDT,short,trend_down,7.95,0.09048,0.09125954368592283,20,0.8615646396140871,-1.0928543214538537,-0.3824990125088488,stop,0.3848405232669773,1.2314896744542776,118.37423153177915,-0.76851749755662,DOGEUSDT:4H空头 / 1H趋势状态确认 / 15m在日内VWAP下方且VWAP下行 / 15m反抽EMA20/VWAP后跌回 / CVD多周期顺势 / 目标RR>=2
138,2026-04-09 18:45,2026-04-09 21:30,ETHUSDT,long,trend_up,7.95,2206.02,2187.664294587326,20,0.8320733906616471,0.42635463482207847,0.14922412218772746,breakeven_or_trailing_stop,1.1021096463027678,0.1536307069982196,118.5508744396789,-0.6204401888584843,ETHUSDT:4H多头 / 1H趋势状态确认 / 15m在日内VWAP上方且VWAP上行 / 15m回踩EMA20/VWAP后收回 / CVD多周期顺势 / 目标RR>=2
139,2026-04-10 04:00,2026-04-10 14:15,BNBUSDT,short,trend_down,7.95,601.84,606.0316428571429,20,0.696471297544667,-1.1148647478826927,-0.39020266175894247,stop,0.9685939709967328,1.2310209089514872,118.08828577207677,-1.008221876485882,BNBUSDT:4H空头 / 1H趋势状态确认 / 15m在日内VWAP下方且VWAP下行 / 15m反抽EMA20/VWAP后跌回 / CVD多周期顺势 / 目标RR>=2
140,2026-04-11 02:15,2026-04-11 05:00,ETHUSDT,long,trend_up,9.0,2247.99,2232.5273285714284,20,0.687844315525043,-1.1163053879989322,-0.3907068857996263,stop,0.21600407248055498,1.2927908409838498,117.62690670824253,-1.3949895699899462,ETHUSDT:4H多头 / 1H趋势状态确认 / 15m在日内VWAP上方且VWAP上行 / 15m回踩EMA20/VWAP后收回 / 突破短结构高点 / CVD多周期顺势 / 目标RR>=2
141,2026-04-12 08:00,2026-04-12 18:30,DOGEUSDT,short,trend_down,7.95,0.09126,0.0919978598108088,20,0.8085248858303775,0.4235543751936108,0.14824403131776376,breakeven_or_trailing_stop,1.3959291248983439,0.20329064925705773,117.80128157666122,-1.24881352744719,DOGEUSDT:4H空头 / 1H趋势状态确认 / 15m在日内VWAP下方且VWAP下行 / 15m反抽EMA20/VWAP后跌回 / CVD多周期顺势 / 目标RR>=2
142,2026-04-14 07:45,2026-04-14 15:00,BTCUSDT,long,trend_up,8.850000000000001,74513.4,73904.15847589473,20,0.8176267947849191,1.1421558484747998,0.3997545469661799,breakeven_or_trailing_stop,2.454855653833591,0.45860301529893577,118.27219755614834,-0.8540511693401198,BTCUSDT:4H多头 / 1H趋势状态确认 / 15m在日内VWAP上方且VWAP上行 / 15m回踩EMA20/VWAP后收回 / CVD多周期顺势 / 量能实体合格 / 目标RR>=2
143,2026-04-15 13:45,2026-04-15 15:30,AVAXUSDT,long,trend_up,7.65,9.394,9.32172,20,0.7694272940174687,-1.1039734366353058,-0.38639070282235705,stop,0.9131156613170974,1.0099612617598144,117.81520478076769,-1.2371418978468052,AVAXUSDT:4H多头 / 1H趋势状态确认 / 15m在日内VWAP上方且VWAP上行 / 15m回踩EMA20/VWAP后收回 / 量能实体合格 / 目标RR>=2
144,2026-04-16 02:15,2026-04-16 10:00,BTCUSDT,long,trend_up,7.8,74855.9,74362.00842857143,20,0.6597897713187185,-1.1212507430057674,-0.39243776005201864,stop,0.7629204906455858,1.044561255637076,117.35285343012534,-1.6247246459462628,BTCUSDT:4H多头 / 1H趋势状态确认 / 15m在日内VWAP上方且VWAP上行 / 15m回踩EMA20/VWAP后收回 / 突破短结构高点 / 目标RR>=2
145,2026-04-17 10:00,2026-04-17 13:30,XRPUSDT,long,trend_up,7.300000000000001,1.443,1.4303505714285714,20,0.8766062766062855,1.7387389605402852,0.6085586361890999,tp_final,3.4388905201815554,0.8775099948049598,118.06701435448869,-1.0260534119043596,XRPUSDT:4H多头 / 1H趋势状态确认 / 15m在日内VWAP上方且VWAP上行 / CVD多周期顺势 / 量能实体合格 / 目标RR>=2
146,2026-04-18 02:00,2026-04-18 03:30,BNBUSDT,long,trend_up,7.95,645.61,641.5400571428571,30,0.6304026977808438,-1.1269030102212723,-0.3944160535774453,stop,0.18673480849151528,1.1548073683028168,117.60133909589501,-1.4164225461069657,BNBUSDT:4H多头 / 1H趋势状态确认 / 15m在日内VWAP上方且VWAP上行 / 15m回踩EMA20/VWAP后收回 / CVD多周期顺势 / 目标RR>=2
147,2026-04-19 14:00,2026-04-19 17:00,BTCUSDT,long,trend_up,7.300000000000001,75748.9,75129.22614285714,20,0.8180631760234905,-1.0977919583043336,-0.3842271854065168,stop,0.5936994045485352,1.3071392163204734,117.14948278068648,-1.7952074510311111,BTCUSDT:4H多头 / 1H趋势状态确认 / 15m在日内VWAP上方且VWAP上行 / CVD多周期顺势 / 量能实体合格 / 目标RR>=2
148,2026-04-21 05:00,2026-04-21 11:00,ETHUSDT,long,trend_up,7.7,2315.57,2296.268,20,0.8335744546699142,0.4265277691430915,0.14928471920008202,breakeven_or_trailing_stop,1.1615376644906985,0.4745622215314602,117.32436905709999,-1.6486027022333594,ETHUSDT:4H多头 / 1H趋势状态确认 / 15m回踩EMA20/VWAP后收回 / 突破短结构高点 / 量能实体合格 / 目标RR>=2
149,2026-04-22 07:45,2026-04-22 20:00,BNBUSDT,long,trend_up,7.95,642.41,637.3203423708137,20,0.792275591785038,1.1390250351904005,0.3986587623166402,breakeven_or_trailing_stop,2.4520313367316473,0.33204591018239843,117.79209293467882,-1.2565162390449691,BNBUSDT:4H多头 / 1H趋势状态确认 / 15m在日内VWAP上方且VWAP上行 / 15m回踩EMA20/VWAP后收回 / CVD多周期顺势 / 目标RR>=2
150,2026-04-23 14:15,2026-04-23 17:00,DOGEUSDT,long,trend_up,7.65,0.09657,0.09571648571428572,20,0.8838296424503315,0.43198481906738884,0.1511946866735861,breakeven_or_trailing_stop,1.6637097044153484,0.21089277943293241,117.97018832051768,-1.107221338162001,DOGEUSDT:4H多头 / 1H趋势状态确认 / 15m在日内VWAP上方且VWAP上行 / 15m回踩EMA20/VWAP后收回 / 量能实体合格 / 目标RR>=2
151,2026-04-24 02:45,2026-04-24 03:30,DOGEUSDT,long,trend_up,7.65,0.09769,0.0969306,20,0.7773569454396493,-1.102912825915197,-0.38601948907031897,stop,0.10534632604687573,1.092968132736377,117.51480040230751,-1.4889667370798776,DOGEUSDT:4H多头 / 1H趋势状态确认 / 15m在日内VWAP上方且VWAP上行 / 15m回踩EMA20/VWAP后收回 / 量能实体合格 / 目标RR>=2
152,2026-04-28 02:15,2026-04-28 06:30,DOGEUSDT,long,trend_up,8.850000000000001,0.09924,0.09843915115015091,20,0.806981912383199,1.1408651882125302,0.3993028158743856,breakeven_or_trailing_stop,2.1851813863874243,0.6118507881884663,117.9840403093831,-1.0956094073140688,DOGEUSDT:4H多头 / 1H趋势状态确认 / 15m在日内VWAP上方且VWAP上行 / 15m回踩EMA20/VWAP后收回 / CVD多周期顺势 / 量能实体合格 / 目标RR>=2
153,2026-04-29 02:45,2026-04-29 04:30,DOGEUSDT,long,trend_up,7.95,0.09992,0.09910365714285714,20,0.8169964543062994,1.732080358392832,0.6062281254374912,tp_final,3.1726865462690963,0.04899902001959778,118.69929274526609,-0.49602317424866094,DOGEUSDT:4H多头 / 1H趋势状态确认 / 15m在日内VWAP上方且VWAP上行 / 15m回踩EMA20/VWAP后收回 / CVD多周期顺势 / 目标RR>=2
154,2026-04-30 02:30,2026-04-30 23:45,BNBUSDT,short,trend_down,7.7,616.97,621.1466,20,0.6769534985493635,0.20744720586122972,0.0726065220514304,timeout,0.7853277785758671,0.5554757458219441,118.78547617342808,-0.4237767973726103,BNBUSDT:4H空头 / 1H趋势状态确认 / 15m反抽EMA20/VWAP后跌回 / 跌破短结构低点 / 量能实体合格 / 目标RR>=2
