symbol,entry_time,exit_time,entry,stop,final_exit_price,score,structure_score,rr_score,stop_score,liquidity_score,slippage_score,volatility_score,weighted_rr,risk_pct,tp_hits,exit_reason,gross_r,net_notional_return_pct,account_risk_pct,account_return_pct,btc_filter_pass
XRPUSDT,2025-06-08T12:00:00+00:00,2025-06-13T04:00:00+00:00,2.2583,2.1467,2.1467,93.0,25.0,22.0,15.0,9.0,8.0,14.0,3.1,4.941770358234076,0,close_below_stop,-1.0,-5.3417703582340765,1.0,-1.0,True
BTCUSDT,2025-06-08T16:00:00+00:00,2025-06-15T16:00:00+00:00,106102.6,103800.1,105505.9,97.0,25.0,22.0,15.0,10.0,10.0,15.0,3.1,2.170069347970738,1,max_hold_close,0.2685928338762179,0.18286507587937684,1.0,0.2685928338762179,True
SOLUSDT,2025-06-08T20:00:00+00:00,2025-06-13T04:00:00+00:00,154.6,146.84,146.84,93.0,25.0,22.0,15.0,9.0,10.0,12.0,3.1,5.019404915912026,1,close_below_stop,-0.25,-1.6548512289780066,1.0,-0.25,True
BNBUSDT,2025-06-09T16:00:00+00:00,2025-06-13T00:00:00+00:00,657.33,646.21,646.21,94.0,25.0,22.0,15.0,9.0,10.0,13.0,3.1,1.6916921485403076,1,close_below_stop,-0.2500000000000015,-0.8229230371350795,1.0,-0.2500000000000015,True
ETHUSDT,2025-06-09T20:00:00+00:00,2025-06-16T20:00:00+00:00,2575.44,2475.83,2651.09,96.0,25.0,22.0,15.0,10.0,10.0,14.0,3.1,3.8676886279626053,2,max_hold_close,1.5037847605662082,5.416171217345393,1.0,1.5037847605662082,True
BTCUSDT,2025-06-16T08:00:00+00:00,2025-06-18T20:00:00+00:00,107053.6,104225.4,104225.4,97.0,25.0,22.0,15.0,10.0,10.0,15.0,3.1,2.641854173983884,0,close_below_stop,-1.0,-3.041854173983884,1.0,-1.0,True
ETHUSDT,2025-06-16T16:00:00+00:00,2025-06-20T16:00:00+00:00,2638.98,2490.38,2490.38,96.0,25.0,22.0,15.0,10.0,10.0,14.0,3.1,5.630963478313587,0,close_below_stop,-1.0,-6.030963478313588,1.0,-1.0,True
BNBUSDT,2025-06-25T04:00:00+00:00,2025-07-02T04:00:00+00:00,647.92,615.6,649.87,94.0,25.0,22.0,15.0,9.0,10.0,13.0,3.1,4.988270156809473,0,max_hold_close,0.06033415841584311,-0.09903691813803472,1.0,0.06033415841584311,True
BTCUSDT,2025-06-25T16:00:00+00:00,2025-07-02T16:00:00+00:00,107314.2,103235.7,109381.8,97.0,25.0,22.0,15.0,10.0,10.0,15.0,3.1000000000000005,3.8005222048899405,0,max_hold_close,0.5069510849577065,1.52667885517481,1.0,0.5069510849577065,True
ETHUSDT,2025-06-26T04:00:00+00:00,2025-07-03T04:00:00+00:00,2482.21,2374.9,2565.04,96.0,25.0,22.0,15.0,10.0,10.0,14.0,3.1,4.323163632408215,0,max_hold_close,0.7718758736371258,2.9369457056413415,1.0,0.7718758736371258,True
BNBUSDT,2025-06-30T00:00:00+00:00,2025-07-07T00:00:00+00:00,655.72,644.06,662.85,94.0,25.0,22.0,15.0,9.0,10.0,13.0,3.1,1.7781980113463187,0,max_hold_close,0.6114922813035973,0.6873543585676806,1.0,0.6114922813035973,True
ETHUSDT,2025-06-30T00:00:00+00:00,2025-07-01T20:00:00+00:00,2505.06,2416.52,2416.52,96.0,25.0,22.0,15.0,10.0,10.0,14.0,3.1,3.534446280727806,0,close_below_stop,-1.0,-3.934446280727806,1.0,-1.0,True
LINKUSDT,2025-06-30T00:00:00+00:00,2025-07-01T20:00:00+00:00,13.684,13.041,13.041,91.0,25.0,22.0,15.0,8.0,9.0,12.0,3.0999999999999996,4.698918444899144,0,close_below_stop,-1.0,-5.0989184448991445,1.0,-1.0,True
BNBUSDT,2025-07-02T16:00:00+00:00,2025-07-09T16:00:00+00:00,663.74,643.5,663.09,94.0,25.0,22.0,15.0,9.0,10.0,13.0,3.1,3.0493868080875055,0,max_hold_close,-0.03211462450592772,-0.49792991231505973,1.0,-0.03211462450592772,True
BTCUSDT,2025-07-02T16:00:00+00:00,2025-07-09T16:00:00+00:00,109381.8,105010.0,109082.2,97.0,25.0,22.0,15.0,10.0,10.0,15.0,3.1000000000000005,3.9968257973447163,0,max_hold_close,-0.06853012489135038,-0.6739029710610045,1.0,-0.06853012489135038,True
XRPUSDT,2025-07-07T16:00:00+00:00,2025-07-14T16:00:00+00:00,2.3467,2.2059,2.9259,95.0,25.0,22.0,15.0,9.0,10.0,14.0,3.1,5.999914773937853,3,max_hold_close,2.8170454545454566,16.50203264158176,1.0,2.8170454545454566,True
LINKUSDT,2025-07-08T20:00:00+00:00,2025-07-15T20:00:00+00:00,13.881,13.191,15.69,89.0,25.0,22.0,15.0,8.0,7.0,12.0,3.1,4.970823427706934,2,max_hold_close,2.248695652173913,10.777869029608809,0.75,1.686521739130435,True
ETHUSDT,2025-07-09T12:00:00+00:00,2025-07-16T12:00:00+00:00,2651.8,2505.37,3151.21,96.0,25.0,22.0,15.0,10.0,10.0,14.0,3.1,5.52190964627801,2,max_hold_close,2.5642286416717854,13.759438871709792,1.0,2.5642286416717854,True
SOLUSDT,2025-07-09T12:00:00+00:00,2025-07-16T12:00:00+00:00,154.2,147.6,166.88,93.0,25.0,22.0,15.0,9.0,10.0,12.0,3.1,4.280155642023343,1,max_hold_close,1.7948484848484858,7.282230869001295,1.0,1.7948484848484858,True
BNBUSDT,2025-07-09T20:00:00+00:00,2025-07-16T20:00:00+00:00,670.13,657.24,709.93,94.0,25.0,22.0,15.0,9.0,10.0,13.0,3.1,1.9235073791652346,2,max_hold_close,2.435065942591156,4.283867309328036,1.0,2.435065942591156,True
BTCUSDT,2025-07-09T20:00:00+00:00,2025-07-16T20:00:00+00:00,111297.3,107400.0,119235.0,97.0,25.0,22.0,15.0,10.0,10.0,15.0,3.1000000000000005,3.5017021976274383,2,max_hold_close,2.014687091063043,6.654834214307087,1.0,2.014687091063043,True
BNBUSDT,2025-07-14T04:00:00+00:00,2025-07-15T08:00:00+00:00,697.96,679.47,679.47,94.0,25.0,22.0,15.0,9.0,10.0,13.0,3.1,2.649148948363804,0,close_below_stop,-1.0,-3.049148948363804,1.0,-1.0,True
BTCUSDT,2025-07-14T04:00:00+00:00,2025-07-15T20:00:00+00:00,120794.6,116716.95914685215,116716.95914685215,94.0,25.0,22.0,12.0,10.0,10.0,15.0,3.1,3.3756814072382806,0,close_below_stop,-1.0,-3.7756814072382805,1.0,-1.0,True
BNBUSDT,2025-07-16T20:00:00+00:00,2025-07-23T20:00:00+00:00,709.93,675.0,770.43,94.0,25.0,22.0,15.0,9.0,10.0,13.0,3.1,4.920203400335238,2,max_hold_close,1.892814199828229,8.913030862197676,1.0,1.892814199828229,True
BNBUSDT,2025-07-21T12:00:00+00:00,2025-07-28T12:00:00+00:00,768.64,725.15,849.21,94.0,25.0,22.0,15.0,9.0,10.0,13.0,3.0999999999999996,5.658045378850959,1,max_hold_close,1.7468268567486784,9.483625624479606,1.0,1.7468268567486784,True
ETHUSDT,2025-07-27T12:00:00+00:00,2025-08-01T08:00:00+00:00,3833.22,3615.11,3615.11,96.0,25.0,22.0,15.0,10.0,10.0,14.0,3.0999999999999988,5.689994312875329,0,close_below_stop,-1.0,-6.089994312875329,1.0,-1.0,True
BNBUSDT,2025-07-27T16:00:00+00:00,2025-08-01T08:00:00+00:00,819.12,775.72,775.72,94.0,25.0,22.0,15.0,9.0,10.0,13.0,3.1000000000000005,5.298368981345831,0,close_below_stop,-1.0,-5.698368981345832,1.0,-1.0,True
LINKUSDT,2025-07-27T20:00:00+00:00,2025-07-28T20:00:00+00:00,19.092,18.165,18.165,91.0,25.0,22.0,15.0,8.0,9.0,12.0,3.1,4.855436832181017,0,close_below_stop,-1.0,-5.255436832181017,1.0,-1.0,True
SOLUSDT,2025-07-28T04:00:00+00:00,2025-07-28T20:00:00+00:00,192.92,184.19,184.19,93.0,25.0,22.0,15.0,9.0,10.0,12.0,3.1,4.525191789342728,0,close_below_stop,-1.0,-4.925191789342728,1.0,-1.0,True
BNBUSDT,2025-08-06T20:00:00+00:00,2025-08-13T20:00:00+00:00,773.38,745.41,843.93,94.0,25.0,22.0,15.0,9.0,10.0,13.0,3.1,3.616592102200733,2,max_hold_close,2.2089381480157293,7.5888282603636,1.0,2.2089381480157293,True
BTCUSDT,2025-08-07T12:00:00+00:00,2025-08-14T12:00:00+00:00,116244.2,112755.1,120948.0,97.0,25.0,22.0,15.0,10.0,10.0,15.0,3.0999999999999996,3.0015260976461544,1,max_hold_close,1.393698948152821,3.783223765142687,1.0,1.393698948152821,True
BNBUSDT,2025-08-09T08:00:00+00:00,2025-08-16T08:00:00+00:00,808.97,768.23,834.93,94.0,25.0,22.0,15.0,9.0,10.0,13.0,3.1,5.036033474665317,1,max_hold_close,0.8960481099656342,4.112528276697522,1.0,0.8960481099656342,True
BTCUSDT,2025-08-10T04:00:00+00:00,2025-08-17T04:00:00+00:00,118679.1,115850.0,117663.3,97.0,25.0,22.0,15.0,10.0,10.0,15.0,3.1,2.3838232679553566,1,max_hold_close,0.19866211869499112,0.07357538100642869,1.0,0.19866211869499112,True
SOLUSDT,2025-08-10T04:00:00+00:00,2025-08-17T04:00:00+00:00,185.0,174.12,192.32,93.0,25.0,22.0,15.0,9.0,10.0,12.0,3.1,5.881081081081079,1,max_hold_close,0.9209558823529409,5.016216216216212,1.0,0.9209558823529409,True
ETHUSDT,2025-08-11T04:00:00+00:00,2025-08-18T04:00:00+00:00,4337.01,4077.5154391842866,4318.12,96.0,25.0,22.0,15.0,10.0,10.0,14.0,3.1,5.983259453303395,1,max_hold_close,0.39904324792614465,1.9875792854309955,1.0,0.39904324792614465,True
BNBUSDT,2025-08-12T20:00:00+00:00,2025-08-19T20:00:00+00:00,832.35,791.1,830.16,94.0,25.0,22.0,15.0,9.0,10.0,13.0,3.0999999999999996,4.955847900522616,0,max_hold_close,-0.05309090909091042,-0.6631104703550255,1.0,-0.05309090909091042,True
BTCUSDT,2025-08-13T20:00:00+00:00,2025-08-14T16:00:00+00:00,122786.3,118154.3,118154.3,97.0,25.0,22.0,15.0,10.0,10.0,15.0,3.0999999999999974,3.772407833772986,0,close_below_stop,-1.0,-4.172407833772986,1.0,-1.0,True
BNBUSDT,2025-08-22T16:00:00+00:00,2025-08-29T16:00:00+00:00,886.6,833.72,858.96,92.0,25.0,22.0,15.0,9.0,8.0,13.0,3.0999999999999996,5.964358222422738,0,max_hold_close,-0.5226928895612706,-3.5175276336566643,1.0,-0.5226928895612706,True
BTCUSDT,2025-08-22T16:00:00+00:00,2025-08-25T08:00:00+00:00,116538.1,111929.5,111929.5,97.0,25.0,22.0,15.0,10.0,10.0,15.0,3.1,3.9545865257799857,0,close_below_stop,-1.0,-4.354586525779986,1.0,-1.0,True
BTCUSDT,2025-09-02T16:00:00+00:00,2025-09-09T16:00:00+00:00,110919.8,107211.5,111059.3,97.0,25.0,22.0,15.0,10.0,10.0,15.0,3.1000000000000005,3.3432263671589766,0,max_hold_close,0.037618315670253186,-0.2742334551630998,1.0,0.037618315670253186,True
BNBUSDT,2025-09-06T12:00:00+00:00,2025-09-13T12:00:00+00:00,864.54,841.08,941.12,94.0,25.0,22.0,15.0,9.0,10.0,13.0,3.1,2.7135817891595444,2,max_hold_close,2.505711849957379,6.3994540449256165,1.0,2.505711849957379,True
DOGEUSDT,2025-09-07T16:00:00+00:00,2025-09-13T12:00:00+00:00,0.22363,0.21213,0.2926299999999999,88.0,25.0,22.0,15.0,8.0,7.0,11.0,3.0999999999999996,5.142422751866915,4,all_tp_hit,3.0999999999999996,15.541510530787436,0.75,2.3249999999999997,True
AVAXUSDT,2025-09-08T12:00:00+00:00,2025-09-13T08:00:00+00:00,25.185,24.186,31.17899999999999,90.0,25.0,22.0,15.0,8.0,9.0,11.0,3.1,3.966646813579507,4,all_tp_hit,3.1,11.896605122096473,1.0,3.1,True
XRPUSDT,2025-09-08T12:00:00+00:00,2025-09-15T12:00:00+00:00,2.9369,2.791,2.9922,95.0,25.0,22.0,15.0,9.0,10.0,14.0,3.1,4.9678232149545485,1,max_hold_close,0.7153187114461952,3.153576900813783,1.0,0.7153187114461952,True
BTCUSDT,2025-09-09T08:00:00+00:00,2025-09-16T08:00:00+00:00,112996.8,110566.5,115905.1,97.0,25.0,22.0,15.0,10.0,10.0,15.0,3.1,2.150768871330872,1,max_hold_close,1.287678475908323,2.369498782266402,1.0,1.287678475908323,True
SOLUSDT,2025-09-10T08:00:00+00:00,2025-09-17T08:00:00+00:00,222.01,210.8,235.84,93.0,25.0,22.0,15.0,9.0,10.0,12.0,3.1,5.049322102607982,1,max_hold_close,1.3136039250669067,6.232809332912931,1.0,1.3136039250669067,True
BNBUSDT,2025-09-10T16:00:00+00:00,2025-09-17T16:00:00+00:00,895.35,871.72,946.86,94.0,25.0,22.0,15.0,9.0,10.0,13.0,3.1000000000000005,2.639191377673535,2,max_hold_close,2.071942446043166,5.068252638632936,1.0,2.071942446043166,True
LINKUSDT,2025-09-11T12:00:00+00:00,2025-09-18T12:00:00+00:00,24.077,22.85,24.248,91.0,25.0,22.0,15.0,8.0,9.0,12.0,3.1,5.096149852556382,0,max_hold_close,0.13936430317848356,0.3102213730946519,1.0,0.13936430317848356,True
BTCUSDT,2025-09-12T00:00:00+00:00,2025-09-19T00:00:00+00:00,115450.0,111316.8,117013.2,97.0,25.0,22.0,15.0,10.0,10.0,15.0,3.1,3.58007795582503,0,max_hold_close,0.37820574857253414,0.9540060632308333,1.0,0.37820574857253414,True
ETHUSDT,2025-09-12T04:00:00+00:00,2025-09-19T04:00:00+00:00,4507.83,4297.01,4533.0,96.0,25.0,22.0,15.0,10.0,10.0,14.0,3.1,4.676751341554578,0,max_hold_close,0.11939094962527326,0.15836178382947175,1.0,0.11939094962527326,True
BNBUSDT,2025-09-12T20:00:00+00:00,2025-09-19T20:00:00+00:00,924.38,884.04,979.77,94.0,25.0,22.0,15.0,9.0,10.0,13.0,3.1,4.364006144659126,1,max_hold_close,1.4111551809618237,5.75828988078496,1.0,1.4111551809618237,True
XRPUSDT,2025-09-12T20:00:00+00:00,2025-09-19T20:00:00+00:00,3.0977,2.9421,2.9883,95.0,25.0,22.0,15.0,9.0,10.0,14.0,3.1000000000000005,5.023081641217683,0,max_hold_close,-0.7030848329048831,-3.9316525163831204,1.0,-0.7030848329048831,True
SOLUSDT,2025-09-14T04:00:00+00:00,2025-09-15T16:00:00+00:00,245.98,233.38500933786142,233.38500933786142,93.0,25.0,22.0,15.0,9.0,10.0,12.0,3.1000000000000023,5.120331190397012,0,close_below_stop,-1.0,-5.5203311903970125,1.0,-1.0,True
BNBUSDT,2025-09-16T20:00:00+00:00,2025-09-23T20:00:00+00:00,958.61,911.0,1011.75,94.0,25.0,22.0,15.0,9.0,10.0,13.0,3.0999999999999996,4.966566173939351,2,max_hold_close,1.6464608275572354,7.777256652861956,1.0,1.6464608275572354,True
BTCUSDT,2025-09-16T20:00:00+00:00,2025-09-22T08:00:00+00:00,116821.0,114338.5,114338.5,97.0,25.0,22.0,15.0,10.0,10.0,15.0,3.1,2.125046010563169,0,close_below_stop,-1.0,-2.525046010563169,1.0,-1.0,True
XRPUSDT,2025-09-18T00:00:00+00:00,2025-09-22T04:00:00+00:00,3.0926,2.9623,2.9623,95.0,25.0,22.0,15.0,9.0,10.0,14.0,3.1,4.2132833214770775,0,close_below_stop,-1.0,-4.613283321477078,1.0,-1.0,True
BNBUSDT,2025-09-20T16:00:00+00:00,2025-09-25T20:00:00+00:00,1021.35,974.37,974.37,94.0,25.0,22.0,15.0,9.0,10.0,13.0,3.1000000000000005,4.5997943897782365,0,close_below_stop,-1.0,-4.999794389778237,1.0,-1.0,True
BTCUSDT,2025-09-29T00:00:00+00:00,2025-10-06T00:00:00+00:00,112053.7,109021.9,123453.5,97.0,25.0,22.0,15.0,10.0,10.0,15.0,3.1,2.705667015011555,3,max_hold_close,2.7640114783297047,7.078494686030008,1.0,2.7640114783297047,True
ETHUSDT,2025-09-29T00:00:00+00:00,2025-10-06T00:00:00+00:00,4134.87,3963.1,4518.25,94.0,25.0,22.0,15.0,10.0,8.0,14.0,3.1,4.154181389015857,2,max_hold_close,2.092775222681493,8.293767881456974,1.0,2.092775222681493,True
LINKUSDT,2025-09-29T00:00:00+00:00,2025-10-06T00:00:00+00:00,21.61,20.419,21.972,89.0,25.0,22.0,15.0,8.0,7.0,12.0,3.0999999999999996,5.5113373438223,0,max_hold_close,0.30394626364399846,1.275150393336427,0.75,0.22795969773299884,True
BNBUSDT,2025-09-29T04:00:00+00:00,2025-10-06T04:00:00+00:00,1010.73,963.06,1181.52,94.0,25.0,22.0,15.0,9.0,10.0,13.0,3.1,4.716393102015382,2,max_hold_close,2.6331025802391412,12.018746846338791,1.0,2.6331025802391412,True
XRPUSDT,2025-09-29T08:00:00+00:00,2025-10-06T08:00:00+00:00,2.8856,2.7612,2.9791,95.0,25.0,22.0,15.0,9.0,10.0,14.0,3.1,4.311061824230665,1,max_hold_close,0.9761254019292589,3.8081369559190414,1.0,0.9761254019292589,True
BTCUSDT,2025-10-01T12:00:00+00:00,2025-10-08T12:00:00+00:00,116615.2,112615.3,122918.8,97.0,25.0,22.0,15.0,10.0,10.0,15.0,3.1000000000000014,3.4299988337712364,1,max_hold_close,1.553157578939476,4.927328684425359,1.0,1.553157578939476,True
ETHUSDT,2025-10-01T12:00:00+00:00,2025-10-08T12:00:00+00:00,4295.18,4091.0,4488.85,94.0,25.0,22.0,15.0,10.0,8.0,14.0,3.1,4.7537006598093745,1,max_hold_close,1.1139680673915167,4.895470736965626,1.0,1.1139680673915167,True
LINKUSDT,2025-10-01T12:00:00+00:00,2025-10-08T12:00:00+00:00,22.22,20.95,22.035,89.0,25.0,22.0,15.0,8.0,7.0,12.0,3.1,5.715571557155714,0,max_hold_close,-0.14566929133858172,-1.232583258325827,0.75,-0.10925196850393629,True
XRPUSDT,2025-10-01T12:00:00+00:00,2025-10-08T12:00:00+00:00,2.9315,2.8119,2.8767,95.0,25.0,22.0,15.0,9.0,10.0,14.0,3.1,4.079822616407987,0,max_hold_close,-0.45819397993311134,-2.2693501620330947,1.0,-0.45819397993311134,True
BNBUSDT,2025-10-02T12:00:00+00:00,2025-10-09T12:00:00+00:00,1052.5,996.93,1288.55,94.0,25.0,22.0,15.0,9.0,10.0,13.0,3.1,5.279809976247036,3,max_hold_close,2.8371693359726464,14.579714964370558,1.0,2.8371693359726464,True
BTCUSDT,2025-10-03T16:00:00+00:00,2025-10-10T16:00:00+00:00,123100.0,117152.5,118885.6,97.0,25.0,22.0,15.0,10.0,10.0,15.0,3.1,4.831437855402112,0,max_hold_close,-0.7086002522068086,-3.823558082859459,1.0,-0.7086002522068086,True
ETHUSDT,2025-10-05T08:00:00+00:00,2025-10-09T08:00:00+00:00,4593.37,4418.687753913233,4418.687753913233,96.0,25.0,22.0,15.0,10.0,10.0,14.0,3.1,3.8029212993241788,0,close_below_stop,-1.0,-4.202921299324179,1.0,-1.0,True
BNBUSDT,2025-10-06T08:00:00+00:00,2025-10-11T00:00:00+00:00,1205.17,1136.3501358624144,1136.3501358624144,92.0,25.0,22.0,15.0,9.0,8.0,13.0,3.1,5.710386429929859,1,close_below_stop,-0.25,-1.8275966074824646,1.0,-0.25,True
ETHUSDT,2025-10-20T04:00:00+00:00,2025-10-22T20:00:00+00:00,4033.36,3810.0,3810.0,96.0,25.0,22.0,15.0,10.0,10.0,14.0,3.0999999999999996,5.537814626019005,0,close_below_stop,-1.0,-5.937814626019005,1.0,-1.0,True
BTCUSDT,2025-10-20T08:00:00+00:00,2025-10-27T08:00:00+00:00,111117.9,106055.8,115419.2,97.0,25.0,22.0,15.0,10.0,10.0,15.0,3.1,4.555611652128047,0,max_hold_close,0.8497066434878826,3.470933485964011,1.0,0.8497066434878826,True
XRPUSDT,2025-10-20T08:00:00+00:00,2025-10-27T08:00:00+00:00,2.4628,2.3164,2.6216,95.0,25.0,22.0,15.0,9.0,10.0,14.0,3.0999999999999996,5.944453467597868,0,max_hold_close,1.0846994535519092,6.04794542796816,1.0,1.0846994535519092,True
LINKUSDT,2025-10-25T20:00:00+00:00,2025-10-30T16:00:00+00:00,18.199,17.281,17.281,91.0,25.0,22.0,15.0,8.0,9.0,12.0,3.1,5.044233199626368,0,close_below_stop,-1.0,-5.444233199626368,1.0,-1.0,True
AVAXUSDT,2025-10-26T12:00:00+00:00,2025-10-30T16:00:00+00:00,20.332,19.116,19.116,90.0,25.0,22.0,15.0,8.0,9.0,11.0,3.1,5.9807200472162165,0,close_below_stop,-1.0,-6.380720047216217,1.0,-1.0,True
BTCUSDT,2025-10-26T12:00:00+00:00,2025-10-30T12:00:00+00:00,113695.6,109866.6,109866.6,97.0,25.0,22.0,15.0,10.0,10.0,15.0,3.1,3.3677644517465932,0,close_below_stop,-1.0,-3.767764451746593,1.0,-1.0,True
BNBUSDT,2025-10-27T04:00:00+00:00,2025-10-29T00:00:00+00:00,1144.03,1105.01,1105.01,94.0,25.0,22.0,15.0,9.0,10.0,13.0,3.1,3.4107497181017967,0,close_below_stop,-1.0,-3.8107497181017966,1.0,-1.0,True
BTCUSDT,2025-11-09T20:00:00+00:00,2025-11-13T16:00:00+00:00,104500.0,101300.0,101300.0,97.0,25.0,22.0,15.0,10.0,10.0,15.0,3.1,3.062200956937799,0,close_below_stop,-1.0,-3.462200956937799,1.0,-1.0,True
ETHUSDT,2025-11-09T20:00:00+00:00,2025-11-13T20:00:00+00:00,3564.06,3353.31,3353.31,94.0,25.0,22.0,15.0,10.0,8.0,14.0,3.0999999999999988,5.913200114476187,0,close_below_stop,-1.0,-6.313200114476188,1.0,-1.0,True
BNBUSDT,2025-11-10T04:00:00+00:00,2025-11-11T20:00:00+00:00,1011.66,975.23,975.23,94.0,25.0,22.0,15.0,9.0,10.0,13.0,3.0999999999999996,3.601012197773951,0,close_below_stop,-1.0,-4.001012197773951,1.0,-1.0,True
BTCUSDT,2025-11-26T20:00:00+00:00,2025-12-01T04:00:00+00:00,89933.3,86061.1,86061.1,97.0,25.0,22.0,15.0,10.0,10.0,15.0,3.1,4.305635398678795,0,close_below_stop,-1.0,-4.705635398678796,1.0,-1.0,True
ETHUSDT,2025-11-26T20:00:00+00:00,2025-12-01T04:00:00+00:00,3022.09,2855.0,2855.0,96.0,25.0,22.0,15.0,10.0,10.0,14.0,3.1,5.528955127080932,0,close_below_stop,-1.0,-5.928955127080933,1.0,-1.0,True
BNBUSDT,2025-12-09T16:00:00+00:00,2025-12-11T04:00:00+00:00,917.81,881.29,881.29,94.0,25.0,22.0,15.0,9.0,10.0,13.0,3.1,3.979037055599741,0,close_below_stop,-1.0,-4.379037055599741,1.0,-1.0,True
BNBUSDT,2025-12-22T00:00:00+00:00,2025-12-23T16:00:00+00:00,866.27,845.86,845.86,94.0,25.0,22.0,15.0,9.0,10.0,13.0,3.1,2.356078358941204,0,close_below_stop,-1.0,-2.756078358941204,1.0,-1.0,True
ETHUSDT,2025-12-22T00:00:00+00:00,2025-12-24T08:00:00+00:00,3044.94,2943.0,2943.0,96.0,25.0,22.0,15.0,10.0,10.0,14.0,3.1,3.3478492187038182,0,close_below_stop,-1.0,-3.747849218703818,1.0,-1.0,True
DOGEUSDT,2025-12-22T16:00:00+00:00,2025-12-24T04:00:00+00:00,0.13481,0.12864,0.12864,90.0,25.0,22.0,15.0,8.0,9.0,11.0,3.1,4.576811809212972,0,close_below_stop,-1.0,-4.976811809212973,1.0,-1.0,True
LINKUSDT,2025-12-22T16:00:00+00:00,2025-12-24T08:00:00+00:00,12.816,12.214,12.214,91.0,25.0,22.0,15.0,8.0,9.0,12.0,3.1000000000000005,4.697253433208492,0,close_below_stop,-1.0,-5.0972534332084924,1.0,-1.0,True
ETHUSDT,2026-01-02T12:00:00+00:00,2026-01-09T12:00:00+00:00,3046.52,2957.59,3088.19,96.0,25.0,22.0,15.0,10.0,10.0,14.0,3.1,2.919068314010735,2,max_hold_close,1.3874283144045885,3.649998030539758,1.0,1.3874283144045885,True
BNBUSDT,2026-01-02T16:00:00+00:00,2026-01-09T16:00:00+00:00,880.76,856.24,901.16,94.0,25.0,22.0,15.0,9.0,10.0,13.0,3.1,2.7839593078704734,1,max_hold_close,1.0323817292006523,2.4741087242835706,1.0,1.0323817292006523,True
SOLUSDT,2026-01-02T20:00:00+00:00,2026-01-09T20:00:00+00:00,131.95,124.08,135.3,91.0,25.0,22.0,15.0,9.0,8.0,12.0,3.1,5.964380447139061,0,max_hold_close,0.42566709021601357,2.13884046987497,1.0,0.42566709021601357,True
BTCUSDT,2026-01-04T00:00:00+00:00,2026-01-11T00:00:00+00:00,91372.7,88401.2,90469.6,97.0,25.0,22.0,15.0,10.0,10.0,15.0,3.1,3.2520654418661157,0,max_hold_close,-0.30392057883223667,-1.3883696114922635,1.0,-0.30392057883223667,True
BNBUSDT,2026-01-04T16:00:00+00:00,2026-01-11T16:00:00+00:00,892.95,869.05,909.88,94.0,25.0,22.0,15.0,9.0,10.0,13.0,3.1,2.676521641749268,0,max_hold_close,0.7083682008368153,1.4959628198667279,1.0,0.7083682008368153,True
LINKUSDT,2026-01-04T16:00:00+00:00,2026-01-11T16:00:00+00:00,13.49,12.962,13.198,91.0,25.0,22.0,15.0,8.0,9.0,12.0,3.0999999999999996,3.9140103780578244,0,max_hold_close,-0.5530303030303022,-2.5645663454410665,1.0,-0.5530303030303022,True
ETHUSDT,2026-01-05T04:00:00+00:00,2026-01-09T12:00:00+00:00,3173.1,3088.400681285305,3088.400681285305,96.0,25.0,22.0,15.0,10.0,10.0,14.0,3.1,2.6692924494877244,1,close_below_stop,-0.2500000000000008,-1.0673231123719331,1.0,-0.2500000000000008,True
SOLUSDT,2026-01-05T04:00:00+00:00,2026-01-12T04:00:00+00:00,135.96,130.08,142.81,93.0,25.0,22.0,15.0,9.0,10.0,12.0,3.1,4.324801412180049,0,max_hold_close,1.1649659863945578,4.638246543100907,1.0,1.1649659863945578,True
BNBUSDT,2026-01-06T16:00:00+00:00,2026-01-08T08:00:00+00:00,917.67,890.74,890.74,94.0,25.0,22.0,15.0,9.0,10.0,13.0,3.1000000000000005,2.9346061220264312,0,close_below_stop,-1.0,-3.334606122026431,1.0,-1.0,True
BTCUSDT,2026-01-12T04:00:00+00:00,2026-01-19T04:00:00+00:00,92043.5,90175.3,92566.1,97.0,25.0,22.0,15.0,10.0,10.0,15.0,3.1,2.0296924823588816,2,max_hold_close,1.3118938015201813,2.2627409865987267,1.0,1.3118938015201813,True
ETHUSDT,2026-01-12T04:00:00+00:00,2026-01-19T04:00:00+00:00,3158.03,3077.08,3206.54,96.0,25.0,22.0,15.0,10.0,10.0,14.0,3.1,2.5633068716890044,2,max_hold_close,1.4397035206917832,3.2904019277841012,1.0,1.4397035206917832,True
SOLUSDT,2026-01-12T04:00:00+00:00,2026-01-19T00:00:00+00:00,142.81,135.3,135.3,93.0,25.0,22.0,15.0,9.0,10.0,12.0,3.1,5.258735382676276,0,close_below_stop,-1.0,-5.6587353826762765,1.0,-1.0,True
BNBUSDT,2026-01-13T16:00:00+00:00,2026-01-20T16:00:00+00:00,918.45,894.06,906.98,94.0,25.0,22.0,15.0,9.0,10.0,13.0,3.1,2.6555609995100546,1,max_hold_close,0.1208077080770813,-0.07918776199030708,1.0,0.1208077080770813,True
DOGEUSDT,2026-01-13T16:00:00+00:00,2026-01-19T00:00:00+00:00,0.14248,0.13484,0.13484,90.0,25.0,22.0,15.0,8.0,9.0,11.0,3.1,5.362156092083105,0,close_below_stop,-1.0,-5.762156092083106,1.0,-1.0,True
LINKUSDT,2026-01-13T16:00:00+00:00,2026-01-19T00:00:00+00:00,13.606,12.9,12.9,91.0,25.0,22.0,15.0,8.0,9.0,12.0,3.100000000000001,5.188887255622516,0,close_below_stop,-1.0,-5.588887255622517,1.0,-1.0,True
XRPUSDT,2026-01-13T20:00:00+00:00,2026-01-19T00:00:00+00:00,2.1427,2.0335,2.0335,93.0,25.0,22.0,15.0,9.0,8.0,14.0,3.1,5.09637373407383,0,close_below_stop,-1.0,-5.49637373407383,1.0,-1.0,True
BNBUSDT,2026-01-17T16:00:00+00:00,2026-01-19T00:00:00+00:00,954.9,923.82,923.82,94.0,25.0,22.0,15.0,9.0,10.0,13.0,3.1000000000000023,3.2547910775997413,0,close_below_stop,-1.0,-3.654791077599741,1.0,-1.0,True
BNBUSDT,2026-01-27T20:00:00+00:00,2026-01-29T16:00:00+00:00,894.71,865.87,865.87,94.0,25.0,22.0,15.0,9.0,10.0,13.0,3.1,3.2233908193716436,0,close_below_stop,-1.0,-3.6233908193716435,1.0,-1.0,True
ETHUSDT,2026-01-27T20:00:00+00:00,2026-01-29T16:00:00+00:00,2993.37,2823.41,2823.41,96.0,25.0,22.0,15.0,10.0,10.0,14.0,3.1,5.677881451340798,0,close_below_stop,-1.0,-6.077881451340798,1.0,-1.0,True
DOGEUSDT,2026-01-28T00:00:00+00:00,2026-01-29T16:00:00+00:00,0.12621,0.1206,0.1206,90.0,25.0,22.0,15.0,8.0,9.0,11.0,3.1,4.444972664606601,0,close_below_stop,-1.0,-4.844972664606601,1.0,-1.0,True
AVAXUSDT,2026-01-28T12:00:00+00:00,2026-01-29T16:00:00+00:00,12.205,11.573,11.573,90.0,25.0,22.0,15.0,8.0,9.0,11.0,3.1,5.178205653420727,0,close_below_stop,-1.0,-5.578205653420727,1.0,-1.0,True
BTCUSDT,2026-01-28T12:00:00+00:00,2026-01-29T16:00:00+00:00,89886.8,86960.0,86960.0,97.0,25.0,22.0,15.0,10.0,10.0,15.0,3.1,3.2560954444924093,0,close_below_stop,-1.0,-3.656095444492409,1.0,-1.0,True
DOGEUSDT,2026-02-13T16:00:00+00:00,2026-02-20T16:00:00+00:00,0.09594,0.09026,0.10184,88.0,25.0,22.0,15.0,8.0,7.0,11.0,3.1,5.920366895976643,2,max_hold_close,1.6154929577464796,9.16431102772565,0.75,1.2116197183098598,True
SOLUSDT,2026-02-21T16:00:00+00:00,2026-02-23T04:00:00+00:00,86.15,81.63,81.63,93.0,25.0,22.0,15.0,9.0,10.0,12.0,3.1,5.2466627974463265,0,close_below_stop,-1.0,-5.646662797446327,1.0,-1.0,True
BTCUSDT,2026-03-10T04:00:00+00:00,2026-03-17T04:00:00+00:00,69688.1,65569.2,74642.0,97.0,25.0,22.0,15.0,10.0,10.0,15.0,3.1,5.910478259559391,1,max_hold_close,1.2919068197819772,7.235787171697888,1.0,1.2919068197819772,True
XRPUSDT,2026-03-10T08:00:00+00:00,2026-03-17T08:00:00+00:00,1.3945,1.3207,1.529,95.0,25.0,22.0,15.0,9.0,10.0,14.0,3.1,5.292219433488712,2,max_hold_close,1.928997289972898,9.80867694514163,1.0,1.928997289972898,True
BNBUSDT,2026-03-13T04:00:00+00:00,2026-03-20T04:00:00+00:00,660.94,634.2,644.87,94.0,25.0,22.0,15.0,9.0,10.0,13.0,3.1,4.0457530184283,0,max_hold_close,-0.6009723261032178,-2.8313856023239703,1.0,-0.6009723261032178,True
ETHUSDT,2026-03-13T04:00:00+00:00,2026-03-20T04:00:00+00:00,2114.22,2008.5,2156.05,96.0,25.0,22.0,15.0,10.0,10.0,14.0,3.1,5.000425688906538,2,max_hold_close,1.3582671206961803,6.391913802726297,1.0,1.3582671206961803,True
LINKUSDT,2026-03-13T04:00:00+00:00,2026-03-20T04:00:00+00:00,9.263,8.826,9.139,91.0,25.0,22.0,15.0,8.0,9.0,12.0,3.1,4.7176940516031465,1,max_hold_close,0.25137299771166877,0.7859008960379911,1.0,0.25137299771166877,True
SOLUSDT,2026-03-13T04:00:00+00:00,2026-03-20T04:00:00+00:00,89.41,84.3,89.65,91.0,25.0,22.0,15.0,9.0,8.0,12.0,3.1,5.715244379823286,1,max_hold_close,0.48287671232876794,2.359758416284537,1.0,0.48287671232876794,True
BTCUSDT,2026-03-13T12:00:00+00:00,2026-03-20T12:00:00+00:00,72375.6,69150.0,70536.4,97.0,25.0,22.0,15.0,10.0,10.0,15.0,3.1,4.456750617611468,0,max_hold_close,-0.5701884920634946,-2.941187914158931,1.0,-0.5701884920634946,True
BNBUSDT,2026-03-16T04:00:00+00:00,2026-03-18T16:00:00+00:00,682.99,649.97,649.97,94.0,25.0,22.0,15.0,9.0,10.0,13.0,3.1,4.834624225830537,0,close_below_stop,-1.0,-5.2346242258305375,1.0,-1.0,True
XRPUSDT,2026-03-16T04:00:00+00:00,2026-03-23T00:00:00+00:00,1.4739,1.3861,1.3861,93.0,25.0,22.0,15.0,9.0,8.0,14.0,3.1,5.9569848700725885,1,close_below_stop,-0.24999999999999956,-1.8892462175181444,1.0,-0.24999999999999956,True
BTCUSDT,2026-03-17T00:00:00+00:00,2026-03-18T16:00:00+00:00,75376.9,71220.1,71220.1,97.0,25.0,22.0,15.0,10.0,10.0,15.0,3.1,5.514686860298034,0,close_below_stop,-1.0,-5.914686860298034,1.0,-1.0,True
DOGEUSDT,2026-03-25T08:00:00+00:00,2026-03-26T12:00:00+00:00,0.09708,0.09223,0.09223,88.0,25.0,22.0,15.0,8.0,7.0,11.0,3.1,4.9958796868561945,0,close_below_stop,-1.0,-5.395879686856195,0.75,-0.75,True
AVAXUSDT,2026-03-25T12:00:00+00:00,2026-03-26T12:00:00+00:00,9.765,9.35,9.35,90.0,25.0,22.0,15.0,8.0,9.0,11.0,3.1,4.249871991807485,0,close_below_stop,-1.0,-4.649871991807485,1.0,-1.0,True
LINKUSDT,2026-03-25T12:00:00+00:00,2026-03-26T12:00:00+00:00,9.436,8.989,8.989,91.0,25.0,22.0,15.0,8.0,9.0,12.0,3.1,4.737176769817711,0,close_below_stop,-1.0,-5.137176769817711,1.0,-1.0,True
SOLUSDT,2026-03-25T12:00:00+00:00,2026-03-26T12:00:00+00:00,93.14,88.35,88.35,93.0,25.0,22.0,15.0,9.0,10.0,12.0,3.1,5.142795791281948,0,close_below_stop,-1.0,-5.542795791281948,1.0,-1.0,True
ETHUSDT,2026-03-31T20:00:00+00:00,2026-04-07T20:00:00+00:00,2104.87,1980.51,2118.57,96.0,25.0,22.0,15.0,10.0,10.0,14.0,3.1,5.9082033569769115,0,max_hold_close,0.11016403988420942,0.25087155026202435,1.0,0.11016403988420942,True
BNBUSDT,2026-04-06T00:00:00+00:00,2026-04-13T00:00:00+00:00,604.91,587.27,594.25,94.0,25.0,22.0,15.0,9.0,10.0,13.0,3.1,2.91613628473657,0,max_hold_close,-0.6043083900226744,-2.1622456233158602,1.0,-0.6043083900226744,True
BTCUSDT,2026-04-06T00:00:00+00:00,2026-04-13T00:00:00+00:00,69205.2,66575.5,70884.1,97.0,25.0,22.0,15.0,10.0,10.0,15.0,3.1,3.7998589701351877,1,max_hold_close,0.8969064912347452,3.008118176090824,1.0,0.8969064912347452,True
ETHUSDT,2026-04-06T00:00:00+00:00,2026-04-13T00:00:00+00:00,2118.73,2020.61,2194.9,94.0,25.0,22.0,15.0,10.0,8.0,14.0,3.0999999999999996,4.631076163550811,1,max_hold_close,0.993406033428455,4.200539002138078,1.0,0.993406033428455,True
SOLUSDT,2026-04-06T00:00:00+00:00,2026-04-13T00:00:00+00:00,82.25,78.45,81.73,93.0,25.0,22.0,15.0,9.0,10.0,12.0,3.1,4.620060790273553,0,max_hold_close,-0.13684210526315696,-1.0322188449847975,1.0,-0.13684210526315696,True
BTCUSDT,2026-04-08T00:00:00+00:00,2026-04-15T00:00:00+00:00,71930.0,67711.0,74499.6,95.0,25.0,22.0,15.0,10.0,8.0,15.0,3.1,5.865424718476296,0,max_hold_close,0.609054278264993,3.1723620186292307,1.0,0.609054278264993,True
DOGEUSDT,2026-04-08T00:00:00+00:00,2026-04-15T00:00:00+00:00,0.09491,0.08984,0.09343,88.0,25.0,22.0,15.0,8.0,7.0,11.0,3.1,5.341902855336626,0,max_hold_close,-0.2919132149901376,-1.9593720366663105,0.75,-0.21893491124260323,True
BTCUSDT,2026-04-11T20:00:00+00:00,2026-04-12T12:00:00+00:00,73452.2,71382.1,71382.1,97.0,25.0,22.0,15.0,10.0,10.0,15.0,3.1,2.818295435671078,0,close_below_stop,-1.0,-3.218295435671078,1.0,-1.0,True
ETHUSDT,2026-04-11T20:00:00+00:00,2026-04-18T20:00:00+00:00,2306.21,2173.81,2348.22,96.0,25.0,22.0,15.0,10.0,10.0,14.0,3.1,5.741020982477749,0,max_hold_close,0.3172960725075509,1.4216034099236308,1.0,0.3172960725075509,True
BTCUSDT,2026-04-14T00:00:00+00:00,2026-04-21T00:00:00+00:00,74295.9,70458.2,75827.7,95.0,25.0,22.0,15.0,10.0,8.0,15.0,3.1,5.1654263559631115,0,max_hold_close,0.39914532141647446,1.6617557631040247,1.0,0.39914532141647446,True
BNBUSDT,2026-04-14T16:00:00+00:00,2026-04-21T16:00:00+00:00,624.83,591.18,632.84,94.0,25.0,22.0,15.0,9.0,10.0,13.0,3.1,5.3854648464382455,0,max_hold_close,0.23803863298662614,0.8819486900436903,1.0,0.23803863298662614,True
XRPUSDT,2026-04-16T12:00:00+00:00,2026-04-23T12:00:00+00:00,1.4184,1.3484,1.417,95.0,25.0,22.0,15.0,9.0,10.0,14.0,3.1,4.935138183869152,0,max_hold_close,-0.02000000000000095,-0.49870276367738775,1.0,-0.02000000000000095,True
AVAXUSDT,2026-04-16T20:00:00+00:00,2026-04-19T08:00:00+00:00,9.811,9.254,9.254,88.0,25.0,22.0,15.0,8.0,7.0,11.0,3.1,5.677300988686172,0,close_below_stop,-1.0,-6.077300988686172,0.75,-0.75,True
BNBUSDT,2026-04-16T20:00:00+00:00,2026-04-23T20:00:00+00:00,637.23,610.84,637.3,94.0,25.0,22.0,15.0,9.0,10.0,13.0,3.1,4.141361831677727,0,max_hold_close,0.0026525198938967933,-0.38901495535365,1.0,0.0026525198938967933,True
BTCUSDT,2026-04-17T16:00:00+00:00,2026-04-24T16:00:00+00:00,77817.9,73256.8,77750.1,95.0,25.0,22.0,15.0,10.0,8.0,15.0,3.1,5.861247861995751,0,max_hold_close,-0.01486483523711133,-0.48712648375243794,1.0,-0.01486483523711133,True
AVAXUSDT,2026-04-22T04:00:00+00:00,2026-04-27T16:00:00+00:00,9.55,9.144,9.144,90.0,25.0,22.0,15.0,8.0,9.0,11.0,3.1,4.251308900523567,0,close_below_stop,-1.0,-4.651308900523567,1.0,-1.0,True
BTCUSDT,2026-04-22T04:00:00+00:00,2026-04-29T04:00:00+00:00,77449.5,74563.2,76883.2,97.0,25.0,22.0,15.0,10.0,10.0,15.0,3.1,3.726686421474642,0,max_hold_close,-0.1962027509267929,-1.1311861277348503,1.0,-0.1962027509267929,True
SOLUSDT,2026-04-22T04:00:00+00:00,2026-04-27T16:00:00+00:00,87.09,84.26,84.26,93.0,25.0,22.0,15.0,9.0,10.0,12.0,3.1,3.249511999081408,0,close_below_stop,-1.0,-3.6495119990814078,1.0,-1.0,True
BNBUSDT,2026-04-22T08:00:00+00:00,2026-04-29T08:00:00+00:00,643.24,621.16,625.37,94.0,25.0,22.0,15.0,9.0,10.0,13.0,3.1,3.4326223493563894,0,max_hold_close,-0.8093297101449263,-3.1781232510416024,1.0,-0.8093297101449263,True
DOGEUSDT,2026-04-22T08:00:00+00:00,2026-04-29T08:00:00+00:00,0.0977,0.0935,0.10529,90.0,25.0,22.0,15.0,8.0,9.0,11.0,3.1,4.298874104401223,1,max_hold_close,1.7150000000000007,6.972569089048101,1.0,1.7150000000000007,True
ETHUSDT,2026-04-22T08:00:00+00:00,2026-04-28T12:00:00+00:00,2390.0,2276.71,2276.71,96.0,25.0,22.0,15.0,10.0,10.0,14.0,3.1,4.7401673640167346,0,close_below_stop,-1.0,-5.140167364016735,1.0,-1.0,True
XRPUSDT,2026-04-22T08:00:00+00:00,2026-04-27T16:00:00+00:00,1.4535,1.4079,1.4079,95.0,25.0,22.0,15.0,9.0,10.0,14.0,3.1,3.13725490196079,0,close_below_stop,-1.0,-3.53725490196079,1.0,-1.0,True
LINKUSDT,2026-04-26T12:00:00+00:00,2026-04-27T16:00:00+00:00,9.46,9.282,9.282,91.0,25.0,22.0,15.0,8.0,9.0,12.0,3.1,1.8816067653277042,0,close_below_stop,-1.0,-2.2816067653277043,1.0,-1.0,True
ETHUSDT,2026-04-26T20:00:00+00:00,2026-04-27T16:00:00+00:00,2364.04,2298.98,2298.98,96.0,25.0,22.0,15.0,10.0,10.0,14.0,3.1,2.7520684929188994,0,close_below_stop,-1.0,-3.1520684929188993,1.0,-1.0,True
BTCUSDT,2026-04-27T04:00:00+00:00,2026-04-27T16:00:00+00:00,79014.4,77100.0,77100.0,97.0,25.0,22.0,15.0,10.0,10.0,15.0,3.1,2.4228495059128394,0,close_below_stop,-1.0,-2.8228495059128393,1.0,-1.0,True
DOGEUSDT,2026-04-27T04:00:00+00:00,2026-05-01T00:00:00+00:00,0.10027,0.09733,0.10645,90.0,25.0,22.0,15.0,8.0,9.0,11.0,3.1,2.9320833748878012,2,max_hold_close,2.040816326530613,5.583843622220005,1.0,2.040816326530613,True
SOLUSDT,2026-04-27T04:00:00+00:00,2026-04-27T08:00:00+00:00,87.62,85.48,85.48,93.0,25.0,22.0,15.0,9.0,10.0,12.0,3.1,2.442364756904817,0,close_below_stop,-1.0,-2.842364756904817,1.0,-1.0,True
DOGEUSDT,2026-04-29T04:00:00+00:00,2026-05-01T00:00:00+00:00,0.10132,0.09686,0.10645,90.0,25.0,22.0,15.0,8.0,9.0,11.0,3.1,4.401894986182384,1,max_hold_close,1.2551569506726485,5.125069088037901,1.0,1.2551569506726485,True
