open_time,open,high,low,close,volume,close_time,quote_volume,count,taker_buy_volume,taker_buy_quote_volume,ignore
1778070600000,0.1512,0.1517,0.1512,0.1516,175890,1778071499999,26642.1171,432,120119,18194.7727,0
1778071500000,0.1516,0.1526,0.1515,0.1519,564826,1778072399999,85862.5571,650,337430,51301.3703,0
1778072400000,0.1519,0.152,0.1502,0.1507,744775,1778073299999,112586.5223,1065,412871,62466.8569,0
1778073300000,0.1508,0.151,0.1496,0.1503,718155,1778074199999,107941.9911,948,324971,48853.9724,0
1778074200000,0.1501,0.1506,0.1495,0.1498,592001,1778075099999,88830.1359,908,379623,56968.7337,0
1778075100000,0.1499,0.1499,0.1486,0.1494,885015,1778075999999,132048.9395,1040,466585,69661.1469,0
1778076000000,0.1493,0.1494,0.1472,0.1483,912986,1778076899999,135269.5992,1303,391269,58062.2901,0
1778076900000,0.1483,0.1492,0.1479,0.1488,248295,1778077799999,36899.3388,560,129421,19236.226,0
1778077800000,0.1488,0.1493,0.1488,0.1492,212363,1778078699999,31645.887,402,104391,15557.7054,0
1778078700000,0.1492,0.1494,0.148,0.1483,475771,1778079599999,70786.1664,427,108035,16061.5179,0
1778079600000,0.1483,0.1489,0.148,0.1484,349896,1778080499999,51968.5749,570,196466,29189.2006,0
1778080500000,0.1483,0.1491,0.1483,0.1485,146338,1778081399999,21772.7632,334,70108,10432.092,0
1778081400000,0.1485,0.1487,0.1481,0.1487,245557,1778082299999,36452.0473,514,164332,24396.1518,0
1778082300000,0.1487,0.1492,0.1487,0.1491,137985,1778083199999,20559.5408,307,81763,12185.1417,0
1778083200000,0.149,0.1502,0.1489,0.1499,417389,1778084099999,62442.3393,671,260932,39043.625,0
1778084100000,0.15,0.1501,0.1487,0.1488,260343,1778084999999,38829.9736,460,135708,20233.4866,0
1778085000000,0.1487,0.149,0.1482,0.149,464850,1778085899999,69029.2767,651,251456,37363.1213,0
1778085900000,0.149,0.1493,0.1487,0.1491,189701,1778086799999,28262.4606,383,91876,13689.9439,0
1778086800000,0.149,0.1494,0.1489,0.149,124013,1778087699999,18497.6788,335,68074,10155.1139,0
1778087700000,0.149,0.1491,0.1483,0.1489,147040,1778088599999,21842.6687,395,55416,8234.2677,0
1778088600000,0.1488,0.149,0.1484,0.1487,128204,1778089499999,19052.0689,341,67353,10009.2815,0
1778089500000,0.1487,0.1487,0.1481,0.1484,103666,1778090399999,15374.4809,296,39635,5878.3553,0
1778090400000,0.1484,0.1487,0.1478,0.1481,541455,1778091299999,80262.322,683,206137,30587.2339,0
1778091300000,0.1481,0.1482,0.1472,0.1475,847387,1778092199999,125077.9172,846,314025,46362.0661,0
1778092200000,0.1475,0.148,0.1472,0.148,466930,1778093099999,68900.541,639,244130,36015.9001,0
1778093100000,0.1479,0.1481,0.1477,0.148,147790,1778093999999,21869.9315,362,90055,13329.4921,0
1778094000000,0.148,0.1486,0.1479,0.1479,251613,1778094899999,37311.6234,478,201090,29820.1323,0
1778094900000,0.1479,0.1482,0.1474,0.1476,237493,1778095799999,35096.527,389,71618,10596.0647,0
1778095800000,0.1477,0.1484,0.1475,0.1483,251290,1778096699999,37157.7534,443,135981,20119.3648,0
1778096700000,0.1484,0.1489,0.1483,0.1487,190560,1778097599999,28318.4554,452,106698,15856.4735,0
1778097600000,0.1487,0.1496,0.1486,0.1496,125165,1778098499999,18662.1627,385,76653,11429.2938,0
1778098500000,0.1496,0.1498,0.1493,0.1495,272411,1778099399999,40740.039,433,154676,23136.6952,0
1778099400000,0.1494,0.1495,0.1487,0.1488,114999,1778100299999,17126.3371,344,66014,9829.2703,0
1778100300000,0.1487,0.1493,0.1486,0.1493,39477,1778101199999,5875.2609,201,29664,4415.2567,0
1778101200000,0.1493,0.1497,0.1488,0.1491,170061,1778102099999,25390.7023,416,75345,11256.1589,0
1778102100000,0.1491,0.1498,0.149,0.1497,135058,1778102999999,20180.6348,279,111747,16701.4629,0
1778103000000,0.1498,0.1506,0.1498,0.1505,159281,1778103899999,23919.5657,420,89045,13378.2784,0
1778103900000,0.1504,0.1507,0.1502,0.1505,73470,1778104799999,11058.9366,309,42523,6402.0671,0
1778104800000,0.1505,0.1505,0.1497,0.1499,186377,1778105699999,27988.7843,585,82312,12363.216,0
1778105700000,0.1498,0.1499,0.1491,0.1492,104561,1778106599999,15628.9474,307,41726,6240.3986,0
1778106600000,0.1492,0.1496,0.1491,0.1494,325265,1778107499999,48553.9971,483,90545,13525.3046,0
1778107500000,0.1495,0.1497,0.1492,0.1492,120200,1778108399999,17956.2236,283,90920,13582.6979,0
1778108400000,0.1492,0.1493,0.1482,0.1486,244786,1778109299999,36362.8263,575,142617,21185.7464,0
1778109300000,0.1486,0.1491,0.148,0.149,488628,1778110199999,72509.9902,586,141946,21104.9909,0
1778110200000,0.1489,0.1493,0.1487,0.1493,171210,1778111099999,25512.097,347,90496,13484.4664,0
1778111100000,0.1493,0.1497,0.1493,0.1495,77593,1778111999999,11599.7248,323,51014,7626.7488,0
1778112000000,0.1496,0.1497,0.149,0.149,295642,1778112899999,44139.0589,615,117665,17564.2754,0
1778112900000,0.1489,0.1489,0.1482,0.1482,225301,1778113799999,33473.2401,453,130266,19358.5701,0
1778113800000,0.1481,0.1482,0.1474,0.1476,351361,1778114699999,51988.5499,568,203837,30158.9979,0
1778114700000,0.1476,0.1482,0.1472,0.1476,340459,1778115599999,50283.3777,560,176370,26063.5407,0
1778115600000,0.1476,0.1476,0.1456,0.1469,1260762,1778116499999,184737.9042,1513,356829,52346.8792,0
1778116500000,0.1469,0.1471,0.1457,0.1471,331027,1778117399999,48497.7916,669,208417,30537.318,0
1778117400000,0.1471,0.1474,0.1465,0.1469,180916,1778118299999,26587.7917,508,85092,12510.7385,0
1778118300000,0.1468,0.1471,0.1462,0.1463,211394,1778119199999,30987.7618,446,97849,14348.4276,0
1778119200000,0.1462,0.1464,0.1453,0.1456,299595,1778120099999,43678.0672,652,100035,14596.3478,0
1778120100000,0.1454,0.1457,0.1452,0.1454,237729,1778120999999,34575.074,409,137225,19959.5876,0
1778121000000,0.1454,0.146,0.1451,0.1458,558393,1778121899999,81326.3633,677,335533,48904.0873,0
1778121900000,0.1457,0.147,0.1457,0.1466,1938730,1778122799999,283853.8027,1324,1472811,215561.69,0
1778122800000,0.1466,0.1469,0.1464,0.1465,345830,1778123699999,50726.3075,571,138621,20332.2721,0
1778123700000,0.1465,0.1466,0.1455,0.1461,280717,1778124599999,41029.9199,480,103655,15139.6181,0
1778124600000,0.1461,0.1461,0.1452,0.1459,244410,1778125499999,35587.3617,547,96028,13985.9726,0
1778125500000,0.146,0.1463,0.1453,0.1453,179170,1778126399999,26131.2736,531,96425,14072.9305,0
1778126400000,0.1454,0.1461,0.1452,0.1461,144572,1778127299999,21022.6469,452,79847,11617.3019,0
1778127300000,0.146,0.147,0.1459,0.1466,211778,1778128199999,31031.8893,463,112090,16427.6968,0
1778128200000,0.1467,0.147,0.146,0.1463,279657,1778129099999,40998.854,564,85663,12559.7196,0
1778129100000,0.1463,0.1467,0.1461,0.1465,336684,1778129999999,49272.2034,477,106909,15645.8854,0
1778130000000,0.1465,0.1472,0.1465,0.1468,361340,1778130899999,53072.2017,598,190029,27910.2617,0
1778130900000,0.1468,0.1485,0.1466,0.1482,820695,1778131799999,121139.2937,847,607197,89646.1763,0
1778131800000,0.1482,0.1488,0.1481,0.1487,331052,1778132699999,49120.8216,647,220154,32669.4994,0
1778132700000,0.1488,0.1492,0.148,0.1484,426032,1778133599999,63361.6315,652,269517,40111.1647,0
1778133600000,0.1484,0.1486,0.1478,0.1478,309857,1778134499999,45909.9511,662,177291,26271.5434,0
1778134500000,0.1478,0.1482,0.1474,0.1481,253200,1778135399999,37414.1274,523,120155,17758.4464,0
1778135400000,0.1481,0.149,0.1479,0.149,220794,1778136299999,32761.1588,511,147971,21956.8471,0
1778136300000,0.149,0.1492,0.1487,0.1492,153475,1778137199999,22855.4738,312,103333,15391.1999,0
1778137200000,0.1492,0.1494,0.1489,0.1494,333611,1778138099999,49732.8568,659,183802,27402.9256,0
1778138100000,0.1495,0.1499,0.1492,0.1493,144549,1778138999999,21613.4735,354,47677,7131.3493,0
1778139000000,0.1492,0.1503,0.1491,0.1499,375061,1778139899999,56200.3484,603,228905,34320.0623,0
1778139900000,0.1499,0.1505,0.1494,0.1502,872402,1778140799999,130830.5182,855,541132,81208.6812,0
1778140800000,0.1502,0.1507,0.1501,0.1505,355816,1778141699999,53498.7516,711,202319,30427.7859,0
1778141700000,0.1504,0.1508,0.1502,0.1505,329311,1778142599999,49569.3149,585,225594,33966.9462,0
1778142600000,0.1505,0.1519,0.1504,0.1518,481936,1778143499999,72750.2375,610,406119,61302.2211,0
1778143500000,0.1517,0.1519,0.1509,0.1513,631513,1778144399999,95565.9821,852,130870,19822.0933,0
1778144400000,0.1513,0.1517,0.1506,0.1512,851126,1778145299999,128607.1915,1237,413485,62481.404,0
1778145300000,0.1511,0.1529,0.1509,0.1528,701294,1778146199999,106734.4293,1176,479082,72893.1168,0
1778146200000,0.1528,0.1538,0.1525,0.1531,1198821,1778147099999,183602.5621,1433,502208,76894.9148,0
1778147100000,0.153,0.1539,0.1528,0.1533,754576,1778147999999,115740.7671,987,257483,39515.7018,0
1778148000000,0.1534,0.1544,0.1528,0.153,881610,1778148899999,135410.5007,1232,350759,53920.0369,0
1778148900000,0.153,0.1537,0.152,0.1525,473642,1778149799999,72398.358,719,229217,35063.9832,0
1778149800000,0.1525,0.1545,0.1525,0.1544,530411,1778150699999,81334.9003,877,279334,42865.3874,0
1778150700000,0.1545,0.1547,0.1541,0.1543,866220,1778151599999,133716.8823,1050,513646,79305.5109,0
1778151600000,0.1542,0.1556,0.1541,0.1551,650375,1778152499999,100693.9336,1134,316472,48978.7117,0
1778152500000,0.1551,0.1559,0.1545,0.1548,482590,1778153399999,74955.2859,826,255146,39658.9806,0
1778153400000,0.1547,0.1552,0.1541,0.1546,784314,1778154299999,121292.257,1013,237263,36707.0544,0
1778154300000,0.1545,0.155,0.1538,0.1543,239670,1778155199999,36986.3724,557,93113,14369.4049,0
1778155200000,0.1543,0.1559,0.154,0.1557,852939,1778156099999,132056.3266,996,461383,71553.5181,0
1778156100000,0.1558,0.1559,0.1546,0.1546,507533,1778156999999,78714.1654,684,257941,39989.1454,0
1778157000000,0.1545,0.1547,0.154,0.1546,642354,1778157899999,99129.5852,765,197795,30532.9661,0
1778157900000,0.1545,0.156,0.154,0.1556,934432,1778158799999,144669.343,998,550180,85263.6557,0
1778158800000,0.1556,0.1568,0.155,0.1551,957798,1778159699999,149508.3779,1180,579043,90448.8678,0
1778159700000,0.1552,0.1559,0.155,0.1553,475233,1778160599999,73856.8895,648,236553,36779.5274,0
1778160600000,0.1552,0.1552,0.1536,0.1537,734948,1778161499999,113395.3138,1091,262604,40493.0418,0
1778161500000,0.1537,0.1538,0.1524,0.1529,862849,1778162399999,131962.4877,1043,340583,52099.6545,0
1778162400000,0.1529,0.1536,0.1519,0.1534,872533,1778163299999,133267.5792,982,488523,74722.4843,0
1778163300000,0.1534,0.1539,0.1524,0.1527,730520,1778164199999,111874.032,912,336074,51473.4565,0
1778164200000,0.1527,0.1529,0.1504,0.1507,1313596,1778165099999,198955.5247,1430,560600,84970.1657,0
1778165100000,0.1507,0.1525,0.1506,0.152,971696,1778165999999,147224.948,979,682147,103323.8282,0
1778166000000,0.152,0.1537,0.1514,0.1534,721992,1778166899999,110267.9921,1056,501098,76526.6631,0
1778166900000,0.1534,0.1536,0.1518,0.1526,918106,1778167799999,139988.7042,1065,355049,54150.8657,0
1778167800000,0.1526,0.1543,0.1526,0.1542,529736,1778168699999,81465.1578,963,301052,46299.8766,0
1778168700000,0.154,0.1547,0.1538,0.154,547731,1778169599999,84487.4482,874,237046,36581.2719,0
1778169600000,0.154,0.1549,0.1537,0.1542,844506,1778170499999,130264.5012,1382,407962,62940.6805,0
1778170500000,0.1542,0.1597,0.1538,0.159,6158368,1778171399999,971147.5755,6450,3369210,530784.5806,0
1778171400000,0.1589,0.1601,0.1575,0.1591,4313429,1778172299999,685368.5702,5219,2078377,330466.0945,0
1778172300000,0.1591,0.1604,0.1584,0.1591,2801370,1778173199999,446742.9245,3666,1401098,223576.1572,0
1778173200000,0.1591,0.162,0.1585,0.1605,5423437,1778174099999,871779.5612,6411,2842925,457052.1985,0
1778174100000,0.1604,0.1619,0.159,0.1604,4158260,1778174999999,667489.9515,5567,2102811,337777.7574,0
1778175000000,0.1605,0.1616,0.1598,0.1601,2581164,1778175899999,414239.3498,3631,1292282,207480.3971,0
1778175900000,0.1601,0.1603,0.1579,0.1602,1993303,1778176799999,316809.9531,2772,937966,149142.0743,0
1778176800000,0.1603,0.1611,0.1597,0.1608,1248392,1778177699999,200297.3725,1946,579000,92916.242,0
1778177700000,0.1608,0.161,0.1597,0.1607,1206617,1778178599999,193448.3992,1651,589974,94632.217,0
1778178600000,0.1606,0.1612,0.1588,0.1592,1547322,1778179499999,247361.9054,1965,642879,102754.7104,0
1778179500000,0.1593,0.16,0.1584,0.1596,1293533,1778180399999,205944.3905,1772,673041,107196.5117,0
1778180400000,0.1596,0.1599,0.1583,0.1587,483493,1778181299999,76843.9556,1710,191184,30378.0272,0
1778181300000,0.1587,0.1596,0.1577,0.1581,1184785,1778182199999,187906.1938,1541,517923,82210.9614,0
1778182200000,0.1581,0.1592,0.158,0.1591,376810,1778183099999,59781.825,723,178728,28358.7875,0
1778183100000,0.159,0.1593,0.158,0.1583,552926,1778183999999,87730.0648,977,257058,40801.9134,0
1778184000000,0.1583,0.1591,0.1579,0.1588,719557,1778184899999,114092.794,1094,378707,60077.6021,0
1778184900000,0.1588,0.1591,0.158,0.1587,339100,1778185799999,53734.8128,699,174546,27672.8067,0
1778185800000,0.1587,0.1588,0.1572,0.1582,824504,1778186699999,130034.6304,1316,415128,65489.7746,0
1778186700000,0.1582,0.1587,0.1575,0.1579,722293,1778187599999,114309.4386,1117,521067,82487.8287,0
1778187600000,0.1579,0.1579,0.1565,0.1573,1228527,1778188499999,193023.4166,1661,494846,77779.9423,0
1778188500000,0.1572,0.1582,0.1566,0.1582,520518,1778189399999,81899.6168,855,329810,51896.6583,0
1778189400000,0.1582,0.159,0.1579,0.158,427310,1778190299999,67682.4646,786,242912,38487.6289,0
1778190300000,0.158,0.1589,0.1578,0.1585,247406,1778191199999,39152.3651,611,147315,23315.3922,0
1778191200000,0.1585,0.1587,0.1577,0.1585,294455,1778192099999,46562.1635,733,137827,21789.3306,0
1778192100000,0.1584,0.1593,0.1584,0.1586,215083,1778192999999,34157.5892,829,101195,16072.5196,0
1778193000000,0.1585,0.1591,0.1582,0.1583,510034,1778193899999,80889.7924,861,248629,39418.5309,0
1778193900000,0.1582,0.1592,0.1582,0.1587,446786,1778194799999,70939.0705,627,230932,36662.5071,0
1778194800000,0.1586,0.1597,0.1584,0.1595,521858,1778195699999,83108.2669,766,360233,57385.2046,0
1778195700000,0.1596,0.1601,0.1589,0.1596,465121,1778196599999,74142.6651,690,224424,35801.3183,0
1778196600000,0.1596,0.1599,0.1593,0.1598,153080,1778197499999,24429.0491,479,88773,14170.6141,0
1778197500000,0.1598,0.1599,0.1594,0.1599,149434,1778198399999,23865.0348,394,105734,16887.0033,0
1778198400000,0.1599,0.1605,0.1586,0.1587,1568242,1778199299999,250680.0284,1881,840779,134486.5985,0
1778199300000,0.1586,0.1598,0.1586,0.1594,272817,1778200199999,43440.0309,723,160193,25494.4553,0
1778200200000,0.1594,0.1595,0.1581,0.1582,483432,1778201099999,76679.1937,712,137656,21858.8049,0
1778201100000,0.1581,0.1586,0.1578,0.1585,223878,1778201999999,35391.1792,562,103140,16306.7899,0
1778202000000,0.1585,0.1587,0.1573,0.1574,575494,1778202899999,90816.9163,959,132875,20990.1371,0
1778202900000,0.1575,0.1584,0.1571,0.1582,675784,1778203799999,106589.404,943,451977,71310.8718,0
1778203800000,0.1581,0.159,0.1579,0.1588,850585,1778204699999,134706.9306,1221,605288,95881.5733,0
1778204700000,0.1587,0.1594,0.1587,0.1589,483325,1778205599999,76861.5237,873,295464,46998.8413,0
1778205600000,0.1589,0.1595,0.1579,0.1591,766725,1778206499999,121546.8448,1235,413872,65674.0086,0
1778206500000,0.159,0.16,0.1582,0.1598,1162580,1778207399999,185059.9513,1456,683422,108803.7673,0
1778207400000,0.1597,0.1602,0.1594,0.1597,505334,1778208299999,80736.4228,829,249692,39898.6561,0
1778208300000,0.1596,0.1599,0.1586,0.1588,354872,1778209199999,56583.0339,681,150623,24024.7417,0
1778209200000,0.1587,0.1587,0.1567,0.1576,765349,1778210099999,120445.0745,1305,317169,49932.6813,0
1778210100000,0.1576,0.1588,0.1572,0.1586,700071,1778210999999,110448.7163,976,331700,52388.5333,0
1778211000000,0.1586,0.159,0.1583,0.1585,423682,1778211899999,67225.0763,681,233092,36988.1881,0
1778211900000,0.1584,0.1586,0.1578,0.158,294994,1778212799999,46653.6672,614,222523,35198.521,0
1778212800000,0.1581,0.1583,0.1576,0.1579,352448,1778213699999,55656.2902,796,236618,37359.8952,0
1778213700000,0.1579,0.158,0.1576,0.1578,201913,1778214599999,31853.5633,567,88602,13979.6444,0
1778214600000,0.1579,0.158,0.1566,0.157,548977,1778215499999,86228.1985,920,189447,29763.4395,0
1778215500000,0.157,0.1583,0.1564,0.1582,821009,1778216399999,129151.686,1117,450687,71023.307,0
1778216400000,0.1582,0.1587,0.1577,0.158,395452,1778217299999,62556.7696,759,158640,25106.2194,0
1778217300000,0.158,0.1582,0.1573,0.1575,184598,1778218199999,29099.2787,490,61628,9723.3021,0
1778218200000,0.1575,0.1578,0.1571,0.1576,249821,1778219099999,39342.3057,474,161823,25483.8866,0
1778219100000,0.1575,0.1576,0.1564,0.1566,444680,1778219999999,69728.2621,593,142018,22291.8858,0
1778220000000,0.1565,0.1568,0.1556,0.1565,1402956,1778220899999,218897.6587,1438,453382,70826.7816,0
1778220900000,0.1565,0.1573,0.1557,0.156,220760,1778221799999,34549.5835,542,115767,18133.6836,0
1778221800000,0.156,0.1564,0.1558,0.156,491564,1778222699999,76737.3119,713,186796,29163.3925,0
1778222700000,0.156,0.1561,0.1552,0.156,496956,1778223599999,77327.4946,727,194169,30242.4036,0
1778223600000,0.1559,0.156,0.1547,0.1553,946369,1778224499999,146917.0539,1553,533447,82847.317,0
1778224500000,0.1552,0.1559,0.1552,0.1557,494274,1778225399999,76911.0972,655,223102,34727.5255,0
1778225400000,0.1557,0.1563,0.1555,0.156,454878,1778226299999,70923.4432,761,368301,57434.1611,0
1778226300000,0.156,0.157,0.156,0.1568,384703,1778227199999,60233.1371,698,249422,39036.7245,0
1778227200000,0.1567,0.1577,0.1566,0.1577,332817,1778228099999,52315.7747,643,187804,29525.7742,0
1778228100000,0.1577,0.158,0.1567,0.1573,837725,1778228999999,131793.6083,1024,352053,55441.5638,0
1778229000000,0.1574,0.1578,0.1573,0.1578,418093,1778229899999,65865.3718,753,233023,36712.512,0
1778229900000,0.1577,0.1581,0.1575,0.1577,194930,1778230799999,30767.3537,529,87110,13753.6014,0
1778230800000,0.1577,0.1583,0.1571,0.1581,316942,1778231699999,49975.8485,705,144348,22776.9218,0
1778231700000,0.1582,0.1588,0.1582,0.1584,359812,1778232599999,57018.0571,631,225540,35744.167,0
1778232600000,0.1585,0.1588,0.158,0.1581,545739,1778233499999,86430.8529,740,174738,27696.6441,0
1778233500000,0.1581,0.1584,0.1578,0.1582,536784,1778234399999,84843.4563,627,245970,38878.1669,0
1778234400000,0.1583,0.1585,0.1573,0.1575,340048,1778235299999,53644.5695,586,87016,13736.6372,0
1778235300000,0.1574,0.1578,0.1573,0.1574,319808,1778236199999,50364.9678,477,103257,16266.9005,0
1778236200000,0.1575,0.1582,0.1575,0.158,149265,1778237099999,23570.352,317,81743,12901.9787,0
1778237100000,0.158,0.1585,0.1577,0.1578,285034,1778237999999,45033.4199,430,151908,24010.1669,0
1778238000000,0.1577,0.1579,0.1573,0.1574,214411,1778238899999,33785.3317,478,89928,14176.2683,0
1778238900000,0.1575,0.1582,0.1574,0.158,208792,1778239799999,32981.5783,360,166336,26274.7298,0
1778239800000,0.158,0.1593,0.1578,0.1591,832500,1778240699999,132124.2297,884,662840,105201.466,0
1778240700000,0.1591,0.1597,0.159,0.1594,617295,1778241599999,98339.9261,782,360966,57533.9509,0
1778241600000,0.1594,0.1598,0.1593,0.1597,519343,1778242499999,82887.7865,757,242863,38750.9959,0
1778242500000,0.1596,0.1597,0.1588,0.1591,298368,1778243399999,47500.6269,444,146855,23381.7328,0
1778243400000,0.1591,0.1594,0.1582,0.1585,382392,1778244299999,60635.1135,633,132592,21028.8482,0
1778244300000,0.1585,0.1585,0.1572,0.1582,956019,1778245199999,150910.2785,814,298848,47212.6533,0
1778245200000,0.1581,0.1582,0.1564,0.1566,820531,1778246099999,129101.1333,1094,236701,37268.8341,0
1778246100000,0.1566,0.1572,0.1565,0.1568,569455,1778246999999,89312.0266,682,295141,46311.3461,0
1778247000000,0.1568,0.1572,0.1556,0.1558,1171484,1778247899999,183087.8802,1311,458886,71718.5603,0
1778247900000,0.1558,0.1565,0.1555,0.156,560003,1778248799999,87337.1668,654,222519,34726.4354,0
1778248800000,0.156,0.1571,0.1556,0.1568,612059,1778249699999,95720.1406,910,398897,62412.6146,0
1778249700000,0.1568,0.1578,0.1568,0.1576,519398,1778250599999,81710.496,676,271487,42734.6376,0
1778250600000,0.1575,0.1581,0.1566,0.1579,360126,1778251499999,56727.299,682,211215,33259.8782,0
1778251500000,0.1579,0.158,0.1573,0.1575,272444,1778252399999,42988.0204,475,117740,18576.2494,0
1778252400000,0.1576,0.1578,0.1569,0.1573,450399,1778253299999,70909.9975,789,225570,35500.9262,0
1778253300000,0.1573,0.1574,0.1561,0.1565,315410,1778254199999,49377.4805,683,156338,24464.9659,0
1778254200000,0.1566,0.157,0.1563,0.1568,376654,1778255099999,58997.561,648,192062,30094.8271,0
1778255100000,0.1569,0.1578,0.1569,0.1576,281547,1778255999999,44307.6629,469,143735,22619.4738,0
1778256000000,0.1576,0.1578,0.1571,0.1573,459512,1778256899999,72362.9106,701,269808,42496.0065,0
1778256900000,0.1573,0.1577,0.1573,0.1574,216947,1778257799999,34177.4502,440,122393,19279.2337,0
1778257800000,0.1574,0.158,0.157,0.158,623725,1778258699999,98187.5557,820,363878,57312.7715,0
1778258700000,0.158,0.1581,0.1576,0.1579,515289,1778259599999,81362.1693,533,264349,41756.0091,0
1778259600000,0.1579,0.1582,0.1574,0.1577,465840,1778260499999,73522.4951,650,225913,35650.1621,0
1778260500000,0.1577,0.1583,0.1577,0.1581,195065,1778261399999,30818.417,495,129091,20395.5663,0
1778261400000,0.1581,0.1592,0.158,0.159,507345,1778262299999,80558.2145,892,312789,49676.7094,0
1778262300000,0.1589,0.1592,0.1584,0.1588,495382,1778263199999,78661.5953,972,208282,33081.7435,0
1778263200000,0.1588,0.1595,0.1588,0.1594,214133,1778264099999,34082.0253,466,110449,17579.632,0
1778264100000,0.1594,0.16,0.1593,0.1598,394237,1778264999999,62929.3056,725,211501,33769.5928,0
1778265000000,0.1598,0.1604,0.1598,0.1599,570388,1778265899999,91356.6887,751,329910,52856.2199,0
1778265900000,0.1598,0.1599,0.1594,0.1596,322461,1778266799999,51476.4909,471,106225,16961.9777,0
1778266800000,0.1596,0.1598,0.1591,0.1598,156115,1778267699999,24883.892,371,57880,9228.4231,0
1778267700000,0.1598,0.1601,0.1595,0.1595,205292,1778268599999,32802.7503,444,106639,17044.9336,0
1778268600000,0.1595,0.16,0.1594,0.1599,210320,1778269499999,33608.0435,483,95795,15310.8008,0
1778269500000,0.1598,0.1599,0.1595,0.1596,258484,1778270399999,41272.2475,449,159989,25549.899,0
1778270400000,0.1596,0.1597,0.1586,0.1588,304688,1778271299999,48433.1248,541,95696,15210.5227,0
1778271300000,0.1587,0.1592,0.1584,0.159,183912,1778272199999,29205.8931,402,108636,17247.1616,0
1778272200000,0.1589,0.159,0.1583,0.1589,190703,1778273099999,30236.7008,408,99801,15831.3994,0
1778273100000,0.1589,0.1592,0.1585,0.1587,255272,1778273999999,40547.2708,421,136572,21709.1819,0
1778274000000,0.1587,0.159,0.1586,0.1588,179955,1778274899999,28577.7609,387,104541,16603.3268,0
1778274900000,0.1589,0.1592,0.1586,0.1589,446395,1778275799999,70937.4158,567,175648,27926.6849,0
1778275800000,0.159,0.1597,0.159,0.1597,351837,1778276699999,56081.5918,392,153718,24501.4022,0
1778276700000,0.1597,0.1602,0.1594,0.1601,363078,1778277599999,58087.2806,465,240769,38525.0424,0
1778277600000,0.1601,0.1611,0.1599,0.1609,651350,1778278499999,104676.1879,634,430953,69288.6437,0
1778278500000,0.161,0.1611,0.1602,0.1603,474778,1778279399999,76230.1083,686,313275,50299.9502,0
1778279400000,0.1603,0.1607,0.16,0.1604,331074,1778280299999,53073.4847,470,124996,20036.4044,0
1778280300000,0.1603,0.1607,0.1602,0.1603,297262,1778281199999,47709.1289,409,128765,20671.4075,0
1778281200000,0.1602,0.1602,0.1594,0.1598,388788,1778282099999,62138.9183,565,148958,23818.3582,0
1778282100000,0.1598,0.1601,0.1595,0.1601,365874,1778282999999,58478.7766,545,238774,38174.5113,0
1778283000000,0.1601,0.1605,0.1597,0.1602,410489,1778283899999,65737.8079,489,235058,37637.6875,0
1778283900000,0.1601,0.1609,0.1601,0.1606,245325,1778284799999,39389.8479,326,124616,20006.9356,0
1778284800000,0.1606,0.1617,0.1602,0.1615,527269,1778285699999,84798.4029,796,338739,54486.2281,0
1778285700000,0.1615,0.1638,0.1612,0.1636,1287784,1778286599999,209489.195,1530,704145,114599.3988,0
1778286600000,0.1636,0.1647,0.1634,0.1644,1526438,1778287499999,250689.928,1595,896518,147275.4614,0
1778287500000,0.1644,0.1666,0.1644,0.166,1457295,1778288399999,241314.509,1779,809967,134063.2625,0
1778288400000,0.166,0.1677,0.1659,0.1673,1655499,1778289299999,276537.461,2018,906199,151356.0528,0
1778289300000,0.1672,0.169,0.166,0.1671,6897523,1778290199999,1157430.9229,7593,3517522,590466.3951,0
1778290200000,0.1671,0.1681,0.1662,0.1674,2426751,1778291099999,405571.1915,2526,1187245,198469.9452,0
1778291100000,0.1674,0.1682,0.1664,0.167,1057306,1778291999999,177011.6857,1360,440005,73647.5833,0
1778292000000,0.1671,0.1676,0.1654,0.1661,1532873,1778292899999,254857.4985,1457,666535,110892.4387,0
1778292900000,0.1661,0.1676,0.166,0.1667,1034782,1778293799999,172682.2715,1266,576857,96266.5994,0
1778293800000,0.1668,0.1671,0.166,0.1668,585688,1778294699999,97580.986,815,294865,49141.1161,0
1778294700000,0.1669,0.1685,0.1665,0.1683,1624612,1778295599999,272474.5532,1510,1106541,185509.952,0
1778295600000,0.1683,0.1688,0.1676,0.1678,1022382,1778296499999,171985.6215,1255,475641,80015.2137,0
1778296500000,0.1679,0.1695,0.1673,0.1688,1193339,1778297399999,201288.8785,1277,640183,108042.9475,0
1778297400000,0.1687,0.1687,0.1672,0.1673,977311,1778298299999,163977.4,1252,565347,94898.1972,0
1778298300000,0.1673,0.1679,0.1673,0.1676,295222,1778299199999,49479.91,489,139508,23385.2746,0
1778299200000,0.1675,0.1686,0.1675,0.1682,586973,1778300099999,98593.702,847,334532,56213.9657,0
1778300100000,0.1682,0.1685,0.1675,0.1683,578229,1778300999999,97199.7564,761,363679,61138.9994,0
1778301000000,0.1684,0.1686,0.1678,0.1684,577645,1778301899999,97201.0996,891,344880,58039.28,0
1778301900000,0.1683,0.1688,0.1673,0.1676,505464,1778302799999,84887.449,710,241930,40623.8554,0
1778302800000,0.1677,0.1679,0.1668,0.1678,1054569,1778303699999,176459.6584,1088,386453,64701.0738,0
1778303700000,0.1679,0.1692,0.1678,0.1683,643772,1778304599999,108574.2223,854,231528,39044.515,0
1778304600000,0.1683,0.1694,0.1683,0.1684,378624,1778305499999,63902.0288,551,252079,42556.0856,0
1778305500000,0.1684,0.1689,0.1678,0.168,309734,1778306399999,52089.0067,553,137590,23144.6899,0
1778306400000,0.1679,0.1687,0.1679,0.1682,315730,1778307299999,53168.9162,581,198712,33463.8155,0
1778307300000,0.1682,0.1683,0.1672,0.1674,364658,1778308199999,61142.8366,582,110904,18605.4351,0
1778308200000,0.1674,0.1674,0.1659,0.1669,1033650,1778309099999,172157.8188,1176,421977,70251.1144,0
1778309100000,0.1668,0.1674,0.1663,0.167,294825,1778309999999,49203.2518,560,172992,28879.6636,0
1778310000000,0.167,0.1672,0.166,0.1664,253839,1778310899999,42271.4321,540,111152,18505.6088,0
1778310900000,0.1664,0.1675,0.1664,0.167,416165,1778311799999,69502.4196,609,238463,39808.7121,0
1778311800000,0.167,0.1673,0.1666,0.1669,263099,1778312699999,43931.3639,554,140007,23382.1768,0
1778312700000,0.1668,0.1669,0.1662,0.1662,210348,1778313599999,35020.1143,561,74295,12370.9521,0
1778313600000,0.1663,0.1676,0.1661,0.1674,491734,1778314499999,81969.2346,849,310719,51806.9687,0
1778314500000,0.1673,0.168,0.1667,0.1667,408471,1778315399999,68351.776,609,145203,24298.3421,0
1778315400000,0.1666,0.1666,0.1658,0.1661,393865,1778316299999,65470.3621,622,216343,35964.9275,0
1778316300000,0.1662,0.1663,0.1651,0.1652,433634,1778317199999,71767.9016,598,67421,11167.0462,0
1778317200000,0.1652,0.1653,0.1637,0.1641,1003914,1778318099999,165047.3546,1361,349421,57449.4397,0
1778318100000,0.1641,0.1641,0.1629,0.1632,684052,1778318999999,111727.4703,970,335794,54871.0225,0
1778319000000,0.1632,0.164,0.1628,0.1634,757899,1778319899999,123804.9833,932,475600,77698.0288,0
1778319900000,0.1633,0.1636,0.1627,0.1631,324861,1778320799999,53023.6903,453,154908,25292.2088,0
1778320800000,0.1631,0.1632,0.1624,0.1625,411317,1778321699999,66920.2782,610,151514,24670.0855,0
1778321700000,0.1626,0.1633,0.1623,0.1632,483002,1778322599999,78677.1475,610,308392,50251.5576,0
1778322600000,0.1631,0.1643,0.1631,0.1639,763216,1778323499999,125023.9901,890,456499,74766.4192,0
1778323500000,0.1639,0.1649,0.1637,0.1647,752626,1778324399999,123574.7068,910,522626,85812.6571,0
1778324400000,0.1646,0.1648,0.164,0.1644,531854,1778325299999,87426.5546,800,236154,38815.8173,0
1778325300000,0.1644,0.1644,0.1638,0.1644,334095,1778326199999,54843.7064,416,173536,28485.8441,0
1778326200000,0.1644,0.1645,0.1642,0.1644,174499,1778327099999,28682.0423,285,121809,20022.8229,0
1778327100000,0.1644,0.1644,0.1636,0.1637,89579,1778327999999,14691.2044,207,25982,4259.0936,0
1778328000000,0.1637,0.164,0.1631,0.1631,383677,1778328899999,62775.3383,500,102286,16737.9159,0
1778328900000,0.1631,0.1633,0.1627,0.1631,427040,1778329799999,69590.4239,630,116352,18962.7843,0
1778329800000,0.163,0.163,0.1623,0.1628,336292,1778330699999,54660.6203,491,145011,23574.6925,0
1778330700000,0.1627,0.163,0.1626,0.1628,147223,1778331599999,23979.2268,270,123521,20121.4041,0
1778331600000,0.1629,0.163,0.162,0.1626,600692,1778332499999,97598.3359,829,267476,43496.0608,0
1778332500000,0.1627,0.1627,0.1609,0.1613,876043,1778333399999,141508.8885,1162,251970,40687.1336,0
1778333400000,0.1613,0.1617,0.1611,0.1616,260583,1778334299999,42062.8145,488,153271,24743.1073,0
1778334300000,0.1616,0.1621,0.1615,0.1619,184363,1778335199999,29836.0576,351,124227,20105.3242,0
1778335200000,0.1618,0.162,0.1611,0.1613,359551,1778336099999,58048.1719,580,134202,21662.8921,0
1778336100000,0.1613,0.1615,0.1606,0.1609,279395,1778336999999,44949.1764,601,123634,19886.3653,0
1778337000000,0.1608,0.1609,0.1605,0.1609,290829,1778337899999,46727.897,526,158611,25487.3281,0
1778337900000,0.1609,0.161,0.1603,0.1607,343742,1778338799999,55219.0666,445,136412,21916.0302,0
1778338800000,0.1608,0.1609,0.1596,0.1599,778702,1778339699999,124606.9326,1109,248612,39791.3967,0
1778339700000,0.1599,0.1605,0.1591,0.1597,1094689,1778340599999,174722.4406,1225,296470,47403.1963,0
1778340600000,0.1597,0.1599,0.1585,0.1589,655404,1778341499999,104282.6533,942,297059,47292.3455,0
1778341500000,0.1589,0.1594,0.1586,0.1593,457215,1778342399999,72734.5443,606,277142,44123.2917,0
1778342400000,0.1593,0.1594,0.1583,0.1592,574720,1778343299999,91184.242,864,232024,36833.5731,0
1778343300000,0.1592,0.1598,0.1592,0.1595,269264,1778344199999,42959.4959,490,161063,25701.6595,0
1778344200000,0.1594,0.1595,0.159,0.1594,136755,1778345099999,21774.7318,329,72386,11526.968,0
1778345100000,0.1594,0.1598,0.1592,0.1596,197134,1778345999999,31451.8781,359,112216,17905.9636,0
1778346000000,0.1596,0.161,0.1596,0.1608,468536,1778346899999,75190.216,707,324768,52106.3824,0
1778346900000,0.1608,0.1615,0.1607,0.1613,592455,1778347799999,95428.0656,669,418865,67486.5253,0
1778347800000,0.1613,0.1622,0.1613,0.162,558922,1778348699999,90467.8838,655,431091,69777.4636,0
1778348700000,0.1619,0.162,0.1612,0.1615,385998,1778349599999,62331.3182,488,190221,30722.994,0
1778349600000,0.1615,0.1621,0.1609,0.161,376404,1778350499999,60784.0607,578,188152,30398.8667,0
1778350500000,0.161,0.1615,0.1608,0.1614,77538,1778351399999,12501.7073,206,34854,5619.6875,0
1778351400000,0.1614,0.1616,0.161,0.161,102266,1778352299999,16487.4141,226,64504,10402.4945,0
1778352300000,0.1611,0.1611,0.1608,0.1611,163913,1778353199999,26376.2566,299,76128,12254.2473,0
1778353200000,0.1611,0.1612,0.1608,0.1609,96075,1778354099999,15471.6523,228,75127,12099.2621,0
1778354100000,0.1609,0.161,0.1605,0.1607,152872,1778354999999,24567.2395,276,56923,9147.2724,0
1778355000000,0.1606,0.1608,0.1604,0.1606,118463,1778355899999,19026.188,268,37429,6011.8366,0
1778355900000,0.1606,0.1609,0.1603,0.1604,281349,1778356799999,45188.6991,306,132937,21359.5421,0
1778356800000,0.1604,0.1605,0.1599,0.1599,237184,1778357699999,37992.1894,351,80337,12866.942,0
1778357700000,0.1599,0.1601,0.1596,0.16,208985,1778358599999,33412.7887,390,89735,14353.8276,0
1778358600000,0.16,0.1601,0.1595,0.1599,153367,1778359499999,24490.7888,360,57394,9165.002,0
1778359500000,0.1599,0.16,0.1597,0.1597,44089,1778360399999,7049.8011,188,24928,3986.3698,0
1778360400000,0.1597,0.16,0.1595,0.1599,239483,1778361299999,38246.328,392,142767,22804.7589,0
1778361300000,0.1599,0.1601,0.1598,0.1601,61832,1778362199999,9891.9923,204,45219,7235.5499,0
1778362200000,0.1601,0.1603,0.1598,0.16,229979,1778363099999,36809.0688,457,105801,16937.0912,0
1778363100000,0.1601,0.1606,0.16,0.1605,149818,1778363999999,24019.3174,330,91782,14712.2986,0
1778364000000,0.1605,0.1611,0.1603,0.1607,501362,1778364899999,80550.5698,696,307976,49485.1875,0
1778364900000,0.1606,0.1611,0.1606,0.1606,111675,1778365799999,17960.1668,276,51425,8270.9644,0
1778365800000,0.1607,0.1613,0.1604,0.1613,69469,1778366699999,11168.3702,217,45847,7370.7656,0
1778366700000,0.1613,0.1615,0.1606,0.1607,206181,1778367599999,33225.5621,358,65542,10562.2954,0
1778367600000,0.1608,0.1609,0.1604,0.1604,89794,1778368499999,14428.8061,307,58230,9357.1551,0
1778368500000,0.1605,0.1607,0.1585,0.1592,1653919,1778369399999,263848.2906,1904,513860,81965.1201,0
1778369400000,0.1593,0.1594,0.1588,0.159,177197,1778370299999,28189.4777,405,81410,12952.845,0
1778370300000,0.1591,0.1598,0.159,0.1596,279329,1778371199999,44556.3047,358,210032,33501.7565,0
1778371200000,0.1595,0.1596,0.1585,0.1594,604534,1778372099999,96074.1113,883,273918,43542.6422,0
1778372100000,0.1594,0.1604,0.1593,0.1601,503886,1778372999999,80639.2225,636,335823,53744.6006,0
1778373000000,0.16,0.1606,0.1596,0.1597,326394,1778373899999,52257.5089,594,137914,22098.728,0
1778373900000,0.1596,0.1597,0.159,0.1595,332504,1778374799999,52998.6479,467,145704,23246.8393,0
1778374800000,0.1595,0.1596,0.1577,0.158,1038026,1778375699999,164194.2578,1269,284639,45033.1777,0
1778375700000,0.158,0.158,0.1569,0.1577,978114,1778376599999,153936.8403,1064,354040,55709.6185,0
1778376600000,0.1576,0.1582,0.1576,0.158,738296,1778377499999,116566.9566,702,487209,76954.7047,0
1778377500000,0.1581,0.1589,0.1581,0.1588,336817,1778378399999,53371.0645,492,201219,31889.3471,0
1778378400000,0.1588,0.1593,0.1583,0.159,412734,1778379299999,65583.6325,644,223624,35523.1127,0
1778379300000,0.159,0.1594,0.1588,0.1589,203540,1778380199999,32383.0586,392,93037,14807.3521,0
1778380200000,0.1588,0.1589,0.1584,0.1584,178802,1778381099999,28363.5491,459,91146,14462.0229,0
1778381100000,0.1585,0.1589,0.1583,0.1587,82692,1778381999999,13125.3332,492,45742,7260.3035,0
1778382000000,0.1587,0.1589,0.1585,0.1588,130306,1778382899999,20670.6661,430,40724,6462.7882,0
1778382900000,0.1587,0.1588,0.1582,0.1584,151864,1778383799999,24063.09,263,85594,13560.5113,0
1778383800000,0.1584,0.1588,0.1577,0.1583,387719,1778384699999,61268.019,514,78676,12441.3321,0
1778384700000,0.1583,0.1584,0.158,0.158,64822,1778385599999,10253.8092,216,12687,2006.8278,0
1778385600000,0.158,0.1587,0.1577,0.1587,547891,1778386499999,86767.2715,629,412009,65254.5234,0
1778386500000,0.1587,0.1593,0.1583,0.1587,407923,1778387399999,64732.3223,699,113593,18045.3218,0
1778387400000,0.1588,0.1591,0.1583,0.1584,231027,1778388299999,36656.1957,464,71108,11288.7692,0
1778388300000,0.1584,0.1588,0.1582,0.1585,193841,1778389199999,30733.5973,360,97546,15470.1364,0
1778389200000,0.1586,0.159,0.158,0.1588,418905,1778390099999,66386.4362,631,253107,40105.5926,0
1778390100000,0.1588,0.1605,0.1587,0.1603,496549,1778390999999,79226.6022,700,322311,51433.6324,0
1778391000000,0.1603,0.1615,0.1603,0.1613,1644311,1778391899999,264770.7448,1736,947481,152579.4602,0
1778391900000,0.1613,0.162,0.161,0.1617,955898,1778392799999,154383.756,1180,497369,80322.5479,0
1778392800000,0.1617,0.1632,0.1612,0.1627,2341989,1778393699999,380234.4641,2488,1356994,220328.731,0
1778393700000,0.1626,0.1629,0.1619,0.1625,990962,1778394599999,161018.4814,1500,504701,82017.8613,0
1778394600000,0.1625,0.1633,0.1618,0.162,866092,1778395499999,140719.3394,1132,334778,54423.2499,0
1778395500000,0.1619,0.1631,0.1619,0.1627,643335,1778396399999,104559.3067,947,340959,55395.1385,0
1778396400000,0.1628,0.1632,0.1618,0.1619,558895,1778397299999,90740.483,928,168174,27298.3658,0
1778397300000,0.1617,0.163,0.1614,0.163,328833,1778398199999,53285.4191,606,172310,27945.6673,0
1778398200000,0.163,0.1643,0.1628,0.1641,572813,1778399099999,93624.4756,945,265704,43432.5094,0
1778399100000,0.164,0.1645,0.1635,0.1639,1153063,1778399999999,188975.6992,1247,432659,70931.7144,0
1778400000000,0.1638,0.165,0.1638,0.164,737484,1778400899999,121279.1453,1321,290600,47788.0842,0
1778400900000,0.164,0.165,0.1636,0.1649,398471,1778401799999,65452.796,640,256360,42104.7839,0
1778401800000,0.1649,0.1651,0.1641,0.1644,570373,1778402699999,93858.49,985,234119,38535.0821,0
1778402700000,0.1645,0.1652,0.1643,0.1649,819953,1778403599999,135053.7412,933,357863,58958.5317,0
1778403600000,0.165,0.1656,0.1643,0.1644,645753,1778404499999,106493.7985,1085,213064,35160.5613,0
1778404500000,0.1643,0.1645,0.1636,0.1638,409806,1778405399999,67179.3881,703,136788,22432.7979,0
1778405400000,0.1638,0.164,0.1632,0.1635,312827,1778406299999,51198.6255,617,125108,20480.2812,0
1778406300000,0.1636,0.1643,0.1631,0.1632,350483,1778407199999,57448.7319,650,180262,29553.408,0
1778407200000,0.1632,0.1632,0.1623,0.1623,552735,1778408099999,89924.882,1011,168511,27415.6405,0
1778408100000,0.1624,0.1634,0.1622,0.1633,346891,1778408999999,56493.5738,588,213994,34848.0305,0
1778409000000,0.1633,0.1645,0.1633,0.1638,812553,1778409899999,133299.944,948,532927,87413.7762,0
1778409900000,0.1638,0.1651,0.1636,0.1648,297175,1778410799999,48898.3037,589,206668,34000.8927,0
1778410800000,0.1648,0.1652,0.164,0.1644,377061,1778411699999,62086.5357,616,161672,26630.6595,0
1778411700000,0.1643,0.1647,0.1632,0.1646,378882,1778412599999,62183.4614,575,203084,33355.4853,0
1778412600000,0.1645,0.1646,0.164,0.164,253291,1778413499999,41619.489,474,98734,16224.3495,0
1778413500000,0.1639,0.164,0.1633,0.1635,247112,1778414399999,40400.7262,404,50758,8304.4558,0
1778414400000,0.1634,0.1636,0.1624,0.163,275916,1778415299999,44940.25,484,123382,20100.2648,0
1778415300000,0.1631,0.1648,0.1629,0.1646,297931,1778416199999,48895.1857,523,217482,35696.1872,0
1778416200000,0.1646,0.1658,0.1642,0.1657,1170963,1778417099999,193326.7139,1508,660706,109187.8152,0
1778417100000,0.1658,0.1674,0.1658,0.167,1375970,1778417999999,229423.6448,2023,689361,114979.3753,0
1778418000000,0.1669,0.1679,0.1659,0.1668,1227766,1778418899999,204821.5147,1797,460523,76902.1849,0
1778418900000,0.1667,0.1675,0.166,0.167,665194,1778419799999,110955.3377,1064,344505,57477.0828,0
1778419800000,0.167,0.1678,0.1666,0.1671,312009,1778420699999,52236.5029,658,186213,31179.2401,0
1778420700000,0.1671,0.1675,0.1662,0.1664,370513,1778421599999,61776.8892,675,109381,18237.9369,0
1778421600000,0.1665,0.1669,0.166,0.1664,524164,1778422499999,87222.2833,641,285357,47467.6858,0
1778422500000,0.1663,0.1667,0.1658,0.1667,407082,1778423399999,67642.3908,596,179968,29924.5743,0
1778423400000,0.1667,0.1672,0.1661,0.1661,399027,1778424299999,66545.0775,736,177365,29599.0528,0
1778424300000,0.1661,0.1663,0.1653,0.1657,360222,1778425199999,59717.8819,665,148698,24659.5159,0
1778425200000,0.1659,0.1664,0.1655,0.1663,212580,1778426099999,35257.3943,516,123296,20450.0822,0
1778426100000,0.1662,0.1666,0.166,0.1664,236793,1778426999999,39371.8999,441,96870,16114.3784,0
1778427000000,0.1665,0.1666,0.1658,0.166,357627,1778427899999,59394.0067,644,117251,19481.4549,0
1778427900000,0.166,0.1666,0.1657,0.1662,251311,1778428799999,41750.2704,511,133227,22139.3661,0
1778428800000,0.1663,0.167,0.1658,0.1668,426859,1778429699999,71054.59,730,252700,42076.2117,0
1778429700000,0.1668,0.1668,0.1661,0.1667,264633,1778430599999,44021.5825,495,84576,14076.9284,0
1778430600000,0.1667,0.167,0.1661,0.1667,277194,1778431499999,46181.4225,568,159063,26506.9823,0
1778431500000,0.1668,0.1669,0.1656,0.1663,756420,1778432399999,125762.0935,781,164100,27321.3555,0
1778432400000,0.1663,0.1666,0.1658,0.1665,431697,1778433299999,71787.5712,716,227006,37762.449,0
1778433300000,0.1665,0.1676,0.1661,0.1672,281295,1778434199999,46977.6387,599,127030,21207.9973,0
1778434200000,0.1672,0.1673,0.1667,0.1673,367492,1778435099999,61388.7189,610,212625,35534.342,0
1778435100000,0.1674,0.1674,0.1669,0.1673,216525,1778435999999,36181.9166,408,65102,10883.5601,0
1778436000000,0.1673,0.1673,0.1667,0.1667,289091,1778436899999,48266.999,556,82730,13812.27,0
1778436900000,0.1667,0.1675,0.1666,0.1671,359004,1778437799999,59980.6433,508,204310,34136.0331,0
1778437800000,0.1671,0.1673,0.1664,0.1669,259559,1778438699999,43293.7963,475,109496,18271.2003,0
1778438700000,0.167,0.1671,0.1667,0.1668,199462,1778439599999,33274.7843,321,23330,3894.5017,0
1778439600000,0.1667,0.1667,0.1658,0.1663,295376,1778440499999,49087.0841,560,175102,29103.0486,0
1778440500000,0.1663,0.1667,0.1662,0.1665,206236,1778441399999,34317.0823,499,56903,9469.7215,0
1778441400000,0.1665,0.1666,0.1659,0.166,106206,1778442299999,17651.3526,337,25981,4318.6511,0
1778442300000,0.1661,0.1662,0.1656,0.166,144405,1778443199999,23942.9837,357,51557,8553.2296,0
1778443200000,0.166,0.1663,0.165,0.1653,524961,1778444099999,86883.0763,792,183851,30428.3719,0
1778444100000,0.1654,0.1654,0.1643,0.1651,344554,1778444999999,56763.0558,736,181486,29896.1111,0
1778445000000,0.165,0.1651,0.1629,0.1631,413545,1778445899999,67814.5255,1009,155280,25476.2175,0
1778445900000,0.1631,0.1631,0.1601,0.1619,1974313,1778446799999,318566.4161,2912,949739,153224.2375,0
1778446800000,0.1619,0.1622,0.1602,0.1607,348807,1778447699999,56292.0358,882,126638,20437.4993,0
1778447700000,0.1607,0.1624,0.1607,0.1623,338831,1778448599999,54741.2804,754,130208,21062.9364,0
1778448600000,0.1623,0.1633,0.1623,0.1631,281700,1778449499999,45828.3677,566,145142,23613.5022,0
1778449500000,0.1631,0.1634,0.1618,0.1619,283434,1778450399999,46060.5978,527,116973,19011.5655,0
1778450400000,0.1618,0.1633,0.1615,0.163,405867,1778451299999,66005.9931,994,197931,32182.5274,0
1778451300000,0.1631,0.1645,0.163,0.164,188924,1778452199999,30924.6204,548,110723,18118.8581,0
1778452200000,0.164,0.1652,0.1638,0.1648,497654,1778453099999,82028.8693,833,303984,50106.8975,0
1778453100000,0.1648,0.1653,0.1647,0.1652,189005,1778453999999,31172.0149,422,57345,9464.6962,0
1778454000000,0.1653,0.1655,0.1649,0.1653,357128,1778454899999,59017.2731,727,128561,21252.2132,0
1778454900000,0.1654,0.1654,0.1645,0.1649,94254,1778455799999,15540.4019,255,23934,3946.1644,0
1778455800000,0.1649,0.1655,0.1648,0.1655,126929,1778456699999,20946.5421,311,80270,13247.5566,0
1778456700000,0.1655,0.1655,0.1645,0.1648,131858,1778457599999,21740.3423,345,71447,11775.1912,0
1778457600000,0.1647,0.1655,0.1639,0.164,832218,1778458499999,137008.2224,1240,302823,49848.5223,0
1778458500000,0.164,0.1641,0.1627,0.1629,1141233,1778459399999,186501.4672,1635,405656,66292.1581,0
1778459400000,0.163,0.164,0.1626,0.1632,427504,1778460299999,69829.4169,885,199865,32666.889,0
1778460300000,0.1632,0.1634,0.1623,0.163,242015,1778461199999,39419.4014,650,99852,16268.8106,0
1778461200000,0.163,0.1634,0.1622,0.1631,208586,1778462099999,33939.0899,643,82424,13415.1275,0
1778462100000,0.1632,0.1637,0.1629,0.163,171291,1778462999999,27965.7547,452,63887,10433.8663,0
1778463000000,0.163,0.1634,0.1626,0.163,139626,1778463899999,22766.3101,450,49218,8024.0606,0
1778463900000,0.163,0.1632,0.1626,0.1628,155429,1778464799999,25315.4694,502,78451,12774.7395,0
1778464800000,0.1629,0.163,0.1618,0.1618,308666,1778465699999,50098.9196,745,150176,24387.3822,0
1778465700000,0.1618,0.162,0.1614,0.1616,369607,1778466599999,59760.5172,776,151392,24480.4302,0
1778466600000,0.1615,0.1616,0.1603,0.1611,510836,1778467499999,82115.8717,868,121957,19627.6404,0
1778467500000,0.1612,0.1622,0.1611,0.1619,164118,1778468399999,26533.5997,366,128231,20731.8376,0
1778468400000,0.162,0.1621,0.1607,0.1607,480941,1778469299999,77656.5592,731,220230,35561.132,0
1778469300000,0.1606,0.1613,0.1604,0.1605,383064,1778470199999,61571.8902,662,138739,22309.6849,0
1778470200000,0.1605,0.1609,0.1595,0.1609,603588,1778471099999,96626.9034,830,199652,31973.3982,0
1778471100000,0.1609,0.1613,0.1607,0.161,345273,1778471999999,55579.9866,491,167430,26971.4054,0
1778472000000,0.1611,0.1611,0.1602,0.1606,199797,1778472899999,32068.5554,563,91681,14716.4668,0
1778472900000,0.1606,0.1611,0.1603,0.1611,282223,1778473799999,45395.4545,492,170154,27383.0601,0
1778473800000,0.1612,0.1616,0.1612,0.1612,167269,1778474699999,27006.6268,441,37874,6115.0352,0
1778474700000,0.1613,0.1615,0.1606,0.1614,415298,1778475599999,66899.5367,609,170715,27495.4269,0
1778475600000,0.1614,0.1616,0.1611,0.1612,160512,1778476499999,25903.0088,344,63819,10298.7005,0
1778476500000,0.1612,0.162,0.1611,0.162,173264,1778477399999,27971.9908,366,110342,17818.4201,0
1778477400000,0.162,0.1627,0.1618,0.1619,456138,1778478299999,74060.032,773,284104,46146.8945,0
1778478300000,0.1619,0.1625,0.1618,0.1622,165231,1778479199999,26795.0855,331,126201,20464.5201,0
1778479200000,0.1622,0.1632,0.1621,0.1629,424477,1778480099999,69062.5186,729,257418,41894.4887,0
1778480100000,0.1629,0.1631,0.1625,0.163,120554,1778480999999,19644.8059,260,75218,12259.2214,0
1778481000000,0.163,0.1631,0.1622,0.1624,348221,1778481899999,56616.7799,626,134601,21886.3917,0
1778481900000,0.1623,0.1623,0.1618,0.1622,141035,1778482799999,22857.1904,333,95679,15506.9134,0
1778482800000,0.1621,0.1625,0.1618,0.1622,278480,1778483699999,45159.9924,610,148146,24026.5768,0
1778483700000,0.1622,0.1626,0.1619,0.1624,187139,1778484599999,30394.3488,450,140950,22894.8532,0
1778484600000,0.1624,0.1629,0.1619,0.1621,305243,1778485499999,49578.1991,633,85829,13938.3785,0
1778485500000,0.1621,0.1627,0.1621,0.1626,115298,1778486399999,18721.4434,291,83002,13475.4978,0
1778486400000,0.1626,0.1627,0.1617,0.162,472263,1778487299999,76565.2611,857,129665,21046.8291,0
1778487300000,0.1619,0.1627,0.1617,0.1619,221859,1778488199999,35966.0623,697,82785,13424.2576,0
1778488200000,0.1618,0.1631,0.1618,0.163,165950,1778489099999,26975.7596,440,119802,19476.0769,0
1778489100000,0.163,0.1632,0.1626,0.1626,294493,1778489999999,47977.973,473,78976,12865.6402,0
1778490000000,0.1626,0.1631,0.1625,0.1627,185901,1778490899999,30259.9557,426,59384,9671.2703,0
1778490900000,0.1628,0.1628,0.1621,0.1625,386835,1778491799999,62788.6011,540,111396,18086.5493,0
1778491800000,0.1625,0.1628,0.1622,0.1626,125995,1778492699999,20476.9614,340,77199,12548.7938,0
1778492700000,0.1625,0.1631,0.1623,0.1631,151603,1778493599999,24665.2175,368,70525,11478.0282,0
1778493600000,0.163,0.1635,0.1626,0.1632,192592,1778494499999,31401.3835,500,60251,9826.4176,0
1778494500000,0.1632,0.1638,0.1632,0.1635,269374,1778495399999,44042.9992,495,117990,19292.0966,0
1778495400000,0.1635,0.1643,0.1633,0.1634,306047,1778496299999,50142.0778,612,110061,18021.3347,0
1778496300000,0.1633,0.1635,0.1631,0.1632,185129,1778497199999,30221.0987,396,62935,10274.1496,0
1778497200000,0.1633,0.1634,0.1624,0.163,456479,1778498099999,74430.1344,599,270807,44164.927,0
1778498100000,0.163,0.1635,0.1629,0.1634,147690,1778498999999,24105.1309,258,59073,9644.1265,0
1778499000000,0.1635,0.164,0.1635,0.1635,173654,1778499899999,28428.3168,362,90823,14868.0641,0
1778499900000,0.1636,0.1637,0.1628,0.1631,186996,1778500799999,30523.0794,351,79386,12955.7049,0
1778500800000,0.1631,0.1634,0.1623,0.1625,278680,1778501699999,45398.5152,566,121230,19761.8249,0
1778501700000,0.1624,0.1631,0.1623,0.1631,202337,1778502599999,32931.4284,395,64748,10540.0512,0
1778502600000,0.163,0.1631,0.1623,0.1625,149784,1778503499999,24378.9077,383,53181,8655.3592,0
1778503500000,0.1625,0.1626,0.1616,0.1616,437495,1778504399999,70873.7539,603,107288,17383.94,0
1778504400000,0.1617,0.1626,0.1616,0.1623,181087,1778505299999,29369.5,512,103479,16780.3257,0
1778505300000,0.1623,0.1625,0.1619,0.1622,135225,1778506199999,21926.7116,516,69877,11332.8278,0
1778506200000,0.1621,0.1625,0.1608,0.1623,548888,1778507099999,88725.3313,1200,237769,38468.3101,0
1778507100000,0.1624,0.1624,0.1617,0.1619,196441,1778507999999,31817.214,536,92815,15029.912,0
1778508000000,0.162,0.1631,0.162,0.1623,276650,1778508899999,44968.7527,708,84360,13708.738,0
1778508900000,0.1624,0.1627,0.1616,0.1616,306354,1778509799999,49694.8565,700,91213,14802.8139,0
1778509800000,0.1616,0.1618,0.1607,0.161,514967,1778510699999,82924.3201,1031,106189,17114.4844,0
1778510700000,0.161,0.1616,0.1606,0.1615,178527,1778511599999,28750.0964,431,90031,14497.1908,0
1778511600000,0.1615,0.1619,0.1607,0.1616,245878,1778512499999,39650.6167,573,137645,22197.5328,0
1778512500000,0.1617,0.1632,0.1617,0.163,208062,1778513399999,33823.1604,512,104831,17046.683,0
1778513400000,0.1629,0.1633,0.1627,0.1627,144561,1778514299999,23544.7264,411,69010,11241.7778,0
1778514300000,0.1627,0.1634,0.1627,0.1628,199765,1778515199999,32553.9438,441,89472,14581.7331,0
1778515200000,0.1629,0.1636,0.1627,0.1634,291208,1778516099999,47548.7523,607,108204,17664.1857,0
1778516100000,0.1634,0.1634,0.1625,0.1626,170863,1778516999999,27840.579,501,47875,7797.6267,0
1778517000000,0.1627,0.1631,0.1623,0.1627,188978,1778517899999,30762.2577,392,79726,12976.9136,0
1778517900000,0.1627,0.1632,0.1627,0.163,112505,1778518799999,18333.3086,268,55727,9081.0043,0
1778518800000,0.163,0.1631,0.1625,0.1631,132872,1778519699999,21633.2774,442,58193,9476.6635,0
1778519700000,0.1631,0.1633,0.1628,0.1633,131749,1778520599999,21484.2586,317,65147,10627.7811,0
1778520600000,0.1633,0.1641,0.163,0.164,229121,1778521499999,37459.8336,409,106957,17491.5407,0
1778521500000,0.1639,0.1641,0.1631,0.1633,96801,1778522399999,15821.8975,304,39823,6509.6853,0
1778522400000,0.1633,0.1637,0.1631,0.1633,94879,1778523299999,15502.2227,328,65290,10666.308,0
1778523300000,0.1633,0.1633,0.1628,0.1632,84855,1778524199999,13828.3276,282,30007,4892.5192,0
1778524200000,0.1632,0.1635,0.1629,0.163,63975,1778525099999,10440.733,256,25069,4091.199,0
1778525100000,0.163,0.1635,0.1624,0.1625,109171,1778525999999,17776.4667,298,18036,2942.045,0
1778526000000,0.1626,0.163,0.1624,0.1627,127063,1778526899999,20671.7451,350,59319,9653.1919,0
1778526900000,0.1626,0.163,0.1623,0.1629,118092,1778527799999,19216.9327,332,55428,9019.5182,0
1778527800000,0.1629,0.1636,0.1629,0.1633,207872,1778528699999,33942.8782,356,106611,17408.6458,0
1778528700000,0.1633,0.1637,0.1632,0.1635,136166,1778529599999,22253.7521,261,44949,7348.226,0
1778529600000,0.1635,0.1643,0.1635,0.1636,334188,1778530499999,54749.8219,641,156680,25670.9676,0
1778530500000,0.1636,0.1638,0.1635,0.1636,80535,1778531399999,13177.6868,173,30691,5022.3485,0
1778531400000,0.1636,0.1642,0.1636,0.1641,205245,1778532299999,33660.361,343,63962,10485.4133,0
1778532300000,0.1642,0.1643,0.164,0.1641,58420,1778533199999,9590.3332,161,36551,6001.2898,0
1778533200000,0.164,0.1643,0.1636,0.1638,220861,1778534099999,36206.3195,488,51599,8459.8167,0
1778534100000,0.1638,0.1641,0.1637,0.164,54170,1778534999999,8878.7465,207,31325,5135.3516,0
1778535000000,0.1639,0.1643,0.163,0.1631,301571,1778535899999,49380.6775,518,126253,20679.2697,0
1778535900000,0.1632,0.1633,0.1628,0.1628,142855,1778536799999,23294.5797,229,104630,17065.364,0
1778536800000,0.1629,0.164,0.1628,0.1636,530082,1778537699999,86733.1879,785,356746,58367.8861,0
1778537700000,0.1637,0.1647,0.1636,0.1644,359168,1778538599999,58988.4868,591,206000,33832.2599,0
1778538600000,0.1644,0.1649,0.1641,0.1647,215300,1778539499999,35408.0059,443,156642,25765.826,0
1778539500000,0.1647,0.1648,0.1639,0.1642,90905,1778540399999,14949.0452,304,58751,9662.7335,0
1778540400000,0.1642,0.1643,0.1634,0.1636,237716,1778541299999,38969.9836,398,102181,16757.9607,0
1778541300000,0.1635,0.1637,0.1631,0.1634,118438,1778542199999,19342.9588,320,45567,7442.752,0
1778542200000,0.1634,0.1649,0.1634,0.1649,235593,1778543099999,38675.4268,456,139758,22939.2923,0
1778543100000,0.1649,0.1653,0.1646,0.1649,335047,1778543999999,55295.5861,477,168263,27771.4338,0
1778544000000,0.1649,0.1649,0.1639,0.1642,881091,1778544899999,144847.2813,1379,390568,64220.528,0
1778544900000,0.1642,0.1657,0.1641,0.1653,380418,1778545799999,62750.5008,759,175590,28960.7223,0
1778545800000,0.1654,0.1658,0.1646,0.1647,385503,1778546699999,63675.4782,740,153332,25349.5584,0
1778546700000,0.1648,0.1659,0.1648,0.1655,179080,1778547599999,29622.3408,416,128328,21228.9487,0
1778547600000,0.1654,0.166,0.164,0.1644,286960,1778548499999,47281.5824,711,115027,18954.3485,0
1778548500000,0.1644,0.1647,0.1633,0.1633,284393,1778549399999,46630.9259,704,98823,16220.863,0
1778549400000,0.1632,0.1635,0.1599,0.1611,1781241,1778550299999,287634.183,2432,633185,102176.2122,0
1778550300000,0.1612,0.1618,0.1608,0.1612,326350,1778551199999,52642.4304,613,159348,25710.3392,0
1778551200000,0.1611,0.162,0.1611,0.1618,220467,1778552099999,35615.8296,505,156116,25219.688,0
1778552100000,0.1618,0.1619,0.1607,0.1616,210070,1778552999999,33909.2153,405,70246,11334.5481,0
1778553000000,0.1617,0.1618,0.1609,0.1612,141493,1778553899999,22826.7451,368,87564,14120.0904,0
1778553900000,0.1612,0.1625,0.1612,0.1623,140479,1778554799999,22782.1408,359,112348,18228.0279,0
1778554800000,0.1623,0.1632,0.1623,0.1625,324506,1778555699999,52769.3648,619,180288,29316.4281,0
1778555700000,0.1625,0.1625,0.1616,0.162,132204,1778556599999,21420.6791,310,53753,8712.4587,0
1778556600000,0.1621,0.1627,0.1621,0.1623,81344,1778557499999,13220.0167,287,34504,5608.9887,0
1778557500000,0.1622,0.1623,0.1614,0.1616,93863,1778558399999,15176.6478,289,46342,7490.3561,0
1778558400000,0.1615,0.162,0.1613,0.1616,228250,1778559299999,36928.7698,418,84134,13607.728,0
1778559300000,0.1617,0.163,0.1616,0.1623,138675,1778560199999,22539.5693,399,72839,11832.4197,0
1778560200000,0.1623,0.1628,0.1622,0.1627,50402,1778561099999,8192.9633,209,28308,4600.709,0
1778561100000,0.1627,0.1632,0.1625,0.1626,81834,1778561999999,13323.6712,219,52046,8477.3672,0
1778562000000,0.1626,0.1629,0.1623,0.1623,56988,1778562899999,9263.6576,216,23935,3891.2456,0
1778562900000,0.1622,0.1624,0.1617,0.162,247226,1778563799999,40054.4611,427,106839,17309.7439,0
1778563800000,0.1621,0.1623,0.1617,0.1619,127590,1778564699999,20667.9784,367,44711,7242.8412,0
1778564700000,0.1618,0.1623,0.1618,0.162,62474,1778565599999,10122.6029,189,33800,5476.2951,0
1778565600000,0.1619,0.1624,0.1618,0.1622,70665,1778566499999,11460.9421,259,30583,4961.3409,0
1778566500000,0.1622,0.1626,0.162,0.1624,92769,1778567399999,15061.7002,234,68066,11052.0468,0
1778567400000,0.1623,0.1623,0.1618,0.1618,89662,1778568299999,14521.1358,294,35116,5689.0505,0
1778568300000,0.1617,0.1619,0.1613,0.1616,123273,1778569199999,19919.2328,246,87303,14105.4522,0
1778569200000,0.1615,0.1618,0.1603,0.1616,264893,1778570099999,42624.5348,589,97368,15683.2441,0
1778570100000,0.1617,0.1621,0.1612,0.1615,185962,1778570999999,30063.3507,354,94740,15314.7669,0
1778571000000,0.1616,0.1617,0.161,0.1611,141124,1778571899999,22772.6636,350,49607,8002.3998,0
1778571900000,0.161,0.1614,0.1605,0.1611,203802,1778572799999,32795.5305,405,70798,11402.6673,0
1778572800000,0.161,0.1612,0.1601,0.1601,212040,1778573699999,34054.8806,479,91972,14781.8815,0
1778573700000,0.1601,0.1608,0.1597,0.1605,266933,1778574599999,42739.3018,486,123247,19737.8392,0
1778574600000,0.1604,0.1609,0.1601,0.1608,169157,1778575499999,27144.6471,403,124637,20003.6754,0
1778575500000,0.1607,0.1608,0.16,0.1602,166885,1778576399999,26741.3843,296,57064,9142.9146,0
1778576400000,0.1601,0.1605,0.1592,0.1594,185992,1778577299999,29711.9964,464,84826,13564.0755,0
1778577300000,0.1595,0.1597,0.1589,0.1592,435324,1778578199999,69356.263,679,277160,44162.5304,0
1778578200000,0.1593,0.1602,0.1593,0.1598,191900,1778579099999,30651.0168,494,108565,17341.0116,0
1778579100000,0.1599,0.1604,0.1598,0.16,270390,1778579999999,43280.9502,441,189516,30336.0813,0
1778580000000,0.1601,0.1602,0.1593,0.1593,282787,1778580899999,45119.3423,594,105615,16848.7929,0
1778580900000,0.1592,0.1595,0.1585,0.1587,283060,1778581799999,44988.5712,495,91646,14574.2745,0
1778581800000,0.1586,0.1587,0.1576,0.1581,429164,1778582699999,67887.4383,742,151656,23977.4414,0
1778582700000,0.1581,0.1587,0.1577,0.1586,156246,1778583599999,24711.8094,372,120356,19041.237,0
1778583600000,0.1586,0.159,0.1581,0.1586,369931,1778584499999,58675.2117,682,218044,34591.2194,0
1778584500000,0.1584,0.1585,0.1575,0.1582,275881,1778585399999,43583.5331,500,126449,19987.4385,0
1778585400000,0.1582,0.1586,0.1582,0.1583,131862,1778586299999,20901.357,251,78095,12381.502,0
1778586300000,0.1583,0.1583,0.1578,0.1579,99376,1778587199999,15700.8931,260,49816,7869.4775,0
1778587200000,0.1578,0.1579,0.1569,0.1578,402140,1778588099999,63265.9684,1138,187284,29456.9336,0
1778588100000,0.1578,0.1582,0.1575,0.1577,102893,1778588999999,16245.4655,888,49755,7856.7674,0
1778589000000,0.1578,0.1589,0.1569,0.158,482641,1778589899999,76147.9514,1710,267173,42168.2728,0
1778589900000,0.158,0.1584,0.1575,0.1578,293789,1778590799999,46351.9733,1220,91143,14381.2185,0
1778590800000,0.1578,0.1588,0.1578,0.158,355746,1778591699999,56304.3375,1344,221043,34995.5738,0
1778591700000,0.158,0.1583,0.1575,0.1581,259861,1778592599999,41070.6711,1072,97383,15391.8259,0
1778592600000,0.1581,0.1589,0.1578,0.1586,345353,1778593499999,54704.7425,1011,156551,24793.5412,0
1778593500000,0.1587,0.159,0.1571,0.1572,464470,1778594399999,73472.1967,863,212399,33585.6182,0
1778594400000,0.1572,0.1579,0.157,0.1578,298399,1778595299999,46982.2308,786,167805,26438.8402,0
1778595300000,0.1578,0.158,0.1556,0.1559,608362,1778596199999,95253.9357,945,169068,26460.1462,0
1778596200000,0.1559,0.1562,0.1542,0.1557,1777687,1778597099999,275630.2384,2350,813928,126308.0978,0
1778597100000,0.1558,0.1558,0.1538,0.1542,800183,1778597999999,123718.6463,1217,316629,48998.732,0
1778598000000,0.1543,0.1551,0.1538,0.1547,485254,1778598899999,74909.8072,959,297865,45990.2424,0
1778598900000,0.1546,0.1548,0.1533,0.1536,720120,1778599799999,110792.5869,1037,331241,51008.6077,0
1778599800000,0.1537,0.1545,0.1535,0.1542,377265,1778600699999,58135.8534,677,214061,32991.5855,0
1778600700000,0.1542,0.1543,0.1534,0.1534,381292,1778601599999,58643.9185,594,219743,33810.8467,0
1778601600000,0.1534,0.1542,0.153,0.1535,580945,1778602499999,89168.4332,1026,210880,32373.7605,0
1778602500000,0.1535,0.1541,0.1527,0.1537,873846,1778603399999,134029.0909,912,381246,58531.4918,0
1778603400000,0.1538,0.1543,0.1535,0.1539,258093,1778604299999,39722.2892,523,114092,17559.1265,0
1778604300000,0.1539,0.154,0.1522,0.1531,561620,1778605199999,85835.0873,841,237427,36298.4725,0
1778605200000,0.1532,0.1541,0.1532,0.1541,179787,1778606099999,27620.943,472,156063,23975.9509,0
1778606100000,0.1542,0.1549,0.1541,0.1543,250404,1778606999999,38684.9953,480,116935,18073.3207,0
1778607000000,0.1544,0.1548,0.1542,0.1546,79452,1778607899999,12279.2265,261,52077,8047.9148,0
1778607900000,0.1547,0.1549,0.1543,0.1547,116222,1778608799999,17953.4933,199,35065,5420.107,0
1778608800000,0.1546,0.1551,0.1545,0.1551,201178,1778609699999,31148.9089,352,124558,19287.8588,0
1778609700000,0.1551,0.1558,0.1551,0.1552,191876,1778610599999,29828.7249,329,72499,11273.6253,0
1778610600000,0.1552,0.1558,0.1551,0.1558,115339,1778611499999,17919.9269,317,74373,11556.5767,0
1778611500000,0.1558,0.1561,0.1555,0.1555,103783,1778612399999,16177.5271,305,54498,8493.3526,0
1778612400000,0.1555,0.1564,0.1555,0.1562,192680,1778613299999,30076.0481,740,126548,19753.619,0
1778613300000,0.1563,0.1564,0.1558,0.156,102084,1778614199999,15938.8323,204,36564,5709.0499,0
1778614200000,0.156,0.1566,0.156,0.156,197860,1778615099999,30921.523,338,62994,9845.4748,0
1778615100000,0.1561,0.1568,0.1561,0.1565,156770,1778615999999,24527.3491,335,106546,16668.7803,0
1778616000000,0.1566,0.1567,0.156,0.1564,332483,1778616899999,51985.2975,580,146833,22954.6823,0
1778616900000,0.1564,0.1567,0.1563,0.1567,161890,1778617799999,25339.3774,471,93483,14636.1769,0
1778617800000,0.1567,0.1568,0.1563,0.1567,128233,1778618699999,20069.0163,347,78227,12244.9051,0
1778618700000,0.1568,0.157,0.1564,0.1567,169950,1778619599999,26620.5498,449,103864,16268.1652,0
1778619600000,0.1567,0.1568,0.1562,0.1563,223072,1778620499999,34902.5398,486,115747,18119.5371,0
1778620500000,0.1563,0.157,0.1562,0.1569,415356,1778621399999,65115.3009,515,151213,23696.2215,0
1778621400000,0.1569,0.1573,0.1568,0.1573,175550,1778622299999,27579.5116,462,86982,13671.3079,0
1778622300000,0.1573,0.1573,0.1565,0.1569,185915,1778623199999,29160.6341,559,87236,13680.9161,0
1778623200000,0.1569,0.1575,0.1568,0.157,200588,1778624099999,31519.1991,587,128100,20128.5101,0
1778624100000,0.157,0.1572,0.1569,0.157,40968,1778624999999,6434.498,210,23969,3764.7423,0
1778625000000,0.157,0.1572,0.1564,0.1564,447453,1778625899999,70246.4352,453,176074,27643.704,0
1778625900000,0.1565,0.1565,0.156,0.156,78653,1778626799999,12288.9263,157,43719,6829.75,0
1778626800000,0.156,0.1561,0.1554,0.1554,335780,1778627699999,52336.5465,433,204766,31924.3508,0
1778627700000,0.1555,0.1561,0.1554,0.1557,320323,1778628599999,49901.3531,389,191076,29761.9959,0
1778628600000,0.1556,0.1557,0.1547,0.155,204876,1778629499999,31774.9173,402,80667,12510.9878,0
1778629500000,0.1549,0.1552,0.1549,0.1551,51160,1778630399999,7932.75,158,32279,5005.8353,0
1778630400000,0.1551,0.1552,0.1544,0.1546,240094,1778631299999,37151.9857,564,67677,10470.6689,0
1778631300000,0.1546,0.1555,0.1546,0.1551,85509,1778632199999,13266.733,286,58189,9026.281,0
1778632200000,0.1551,0.1553,0.1547,0.1548,238984,1778633099999,37039.5298,475,81799,12674.6461,0
1778633100000,0.1549,0.1551,0.1544,0.1547,365112,1778633999999,56510.2973,510,197343,30548.1599,0
1778634000000,0.1548,0.157,0.1548,0.1567,375867,1778634899999,58593.7486,725,227222,35393.1394,0
1778634900000,0.1567,0.1575,0.1565,0.1575,414401,1778635799999,65111.9471,615,292823,46015.8109,0
1778635800000,0.1576,0.1581,0.1572,0.1578,563114,1778636699999,88774.3888,941,255124,40224.5305,0
1778636700000,0.1579,0.1579,0.1571,0.1571,103798,1778637599999,16347.2547,270,27452,4325.989,0
1778637600000,0.1572,0.1579,0.1569,0.1577,364138,1778638499999,57316.0256,551,223954,35239.9168,0
1778638500000,0.1577,0.1582,0.1574,0.158,150436,1778639399999,23748.4192,281,84008,13260.2346,0
1778639400000,0.158,0.1585,0.1578,0.1583,563188,1778640299999,89120.479,663,232852,36847.643,0
1778640300000,0.1583,0.159,0.158,0.1584,670165,1778641199999,106203.5926,895,342710,54324.3712,0
1778641200000,0.1585,0.1596,0.1583,0.159,422971,1778642099999,67269.8042,720,214982,34187.109,0
1778642100000,0.159,0.1597,0.1589,0.1594,198356,1778642999999,31609.2185,436,116156,18511.3584,0
1778643000000,0.1595,0.1596,0.1587,0.1589,822579,1778643899999,130786.5597,955,158812,25261.6932,0
1778643900000,0.1589,0.1599,0.1586,0.1595,961134,1778644799999,153184.2213,993,638011,101658.3456,0
1778644800000,0.1595,0.1603,0.1594,0.1599,118280,1778645699999,18917.2055,448,57454,9187.9022,0
1778645700000,0.16,0.1601,0.1593,0.1596,154308,1778646599999,24630.0399,395,46542,7424.3377,0
1778646600000,0.1595,0.1599,0.1595,0.1595,113853,1778647499999,18185.0913,503,57822,9236.7485,0
1778647500000,0.1594,0.1596,0.1592,0.1592,132629,1778648399999,21147.4092,285,39880,6361.1287,0
1778648400000,0.1592,0.1594,0.1586,0.1589,498214,1778649299999,79192.1879,581,202812,32249.0956,0
1778649300000,0.1589,0.159,0.1584,0.1588,134098,1778650199999,21288.8734,302,92254,14646.6915,0
1778650200000,0.1587,0.1588,0.1574,0.1576,376490,1778651099999,59430.1351,580,120195,18973.131,0
1778651100000,0.1577,0.1584,0.1576,0.1578,168483,1778651999999,26607.6095,352,79274,12522.9813,0
1778652000000,0.1579,0.1583,0.1576,0.1582,323297,1778652899999,51047.7525,629,190634,30111.7283,0
1778652900000,0.1581,0.1582,0.1579,0.1581,136896,1778653799999,21643.7807,320,79875,12630.5852,0
1778653800000,0.1581,0.1582,0.1579,0.1582,72726,1778654699999,11495.0082,279,35926,5678.2197,0
1778654700000,0.1581,0.1583,0.1576,0.1578,162365,1778655599999,25657.6235,288,97687,15449.5121,0
1778655600000,0.1579,0.1583,0.1576,0.1582,239218,1778656499999,37788.7592,513,181143,28619.5747,0
1778656500000,0.1582,0.1583,0.1575,0.1579,413513,1778657399999,65261.2471,622,200180,31584.7307,0
1778657400000,0.1579,0.1582,0.1576,0.1581,282949,1778658299999,44665.1556,467,177490,28030.3649,0
1778658300000,0.1582,0.1584,0.158,0.1582,61067,1778659199999,9660.4137,223,34459,5450.3346,0
1778659200000,0.1583,0.1586,0.158,0.1583,248253,1778660099999,39292.4268,544,147486,23350.6527,0
1778660100000,0.1583,0.1588,0.1583,0.1583,249597,1778660999999,39578.0764,341,166109,26350.3505,0
1778661000000,0.1583,0.1589,0.1579,0.1587,99907,1778661899999,15822.349,283,52462,8310.6943,0
1778661900000,0.1587,0.1587,0.1581,0.1582,195852,1778662799999,31044.1471,402,122688,19455.5516,0
1778662800000,0.1582,0.1595,0.1582,0.1591,272075,1778663699999,43266.0308,453,144339,22944.5514,0
1778663700000,0.1591,0.1597,0.159,0.1591,143714,1778664599999,22901.2549,321,66700,10631.87,0
1778664600000,0.1591,0.1605,0.1591,0.1603,369397,1778665499999,59091.8809,548,280788,44922.0368,0
1778665500000,0.1603,0.1605,0.1598,0.16,254850,1778666399999,40805.7664,409,97590,15630.9092,0
1778666400000,0.1601,0.1602,0.1596,0.1597,299322,1778667299999,47864.5159,491,167777,26835.8332,0
1778667300000,0.1596,0.1598,0.1586,0.159,352420,1778668199999,56099.4556,526,152788,24347.1768,0
1778668200000,0.159,0.1592,0.1585,0.1588,322610,1778669099999,51230.2663,512,181071,28757.0719,0
1778669100000,0.1587,0.1589,0.1586,0.1587,85080,1778669999999,13506.4027,199,33229,5275.9854,0
1778670000000,0.1587,0.159,0.1577,0.1581,199961,1778670899999,31673.0844,502,110983,17587.6202,0
1778670900000,0.1581,0.1596,0.1581,0.1586,527754,1778671799999,83933.4996,722,291316,46301.7827,0
1778671800000,0.1586,0.1594,0.1586,0.1593,294621,1778672699999,46868.5573,433,227154,36143.1796,0
1778672700000,0.1593,0.1594,0.1581,0.1584,224727,1778673599999,35666.0562,454,98109,15565.8011,0
1778673600000,0.1583,0.1592,0.1581,0.1586,393061,1778674499999,62363.4088,533,120107,19067.5629,0
1778674500000,0.1587,0.159,0.1577,0.1578,627367,1778675399999,99157.793,735,324569,51308.8262,0
1778675400000,0.1578,0.1578,0.1535,0.1549,2634681,1778676299999,408739.9922,3201,1115855,172993.5661,0
1778676300000,0.1549,0.1551,0.1539,0.1545,458958,1778677199999,70952.2012,667,190033,29392.219,0
1778677200000,0.1544,0.1554,0.1544,0.1554,414494,1778678099999,64260.8292,565,231482,35903.4425,0
1778678100000,0.1554,0.1554,0.1545,0.1545,158918,1778678999999,24622.9706,329,32442,5031.9278,0
1778679000000,0.1544,0.1545,0.1531,0.1536,1211841,1778679899999,186318.9042,1424,542839,83521.987,0
1778679900000,0.1536,0.1537,0.1515,0.1522,1255622,1778680799999,191072.6887,1496,426848,65021.3904,0
1778680800000,0.1522,0.1527,0.1505,0.1525,1588755,1778681699999,240678.5656,1796,608806,92324.4902,0
1778681700000,0.1525,0.1528,0.1518,0.1526,479721,1778682599999,73078.4738,699,190609,29074.4448,0
1778682600000,0.1526,0.1533,0.1518,0.1518,335867,1778683499999,51292.5336,593,236077,36063.8286,0
1778683500000,0.1519,0.1524,0.1516,0.1522,240510,1778684399999,36562.6569,399,106625,16203.4115,0
1778684400000,0.1521,0.1527,0.1505,0.1508,578579,1778685299999,87539.3559,1015,189339,28653.4486,0
1778685300000,0.1506,0.1508,0.1483,0.1489,1573862,1778686199999,235122.9486,1795,506099,75683.8545,0
1778686200000,0.1489,0.1496,0.1482,0.1493,791341,1778687099999,117668.6148,1013,355924,52941.1218,0
1778687100000,0.1493,0.1495,0.1472,0.1477,984831,1778687999999,146101.5534,1356,400490,59390.9052,0
1778688000000,0.1477,0.1489,0.1475,0.1488,689819,1778688899999,102281.1683,1533,337759,50064.0812,0
1778688900000,0.1487,0.1501,0.1486,0.1499,469005,1778689799999,70004.602,651,286053,42739.5291,0
1778689800000,0.1499,0.1507,0.1496,0.1505,702012,1778690699999,105565.777,705,337438,50760.4857,0
1778690700000,0.1504,0.1506,0.1499,0.1501,198479,1778691599999,29810.4523,352,103410,15533.3315,0
1778691600000,0.1501,0.151,0.1501,0.1504,231217,1778692499999,34814.206,435,119552,18004.0806,0
1778692500000,0.1504,0.1504,0.1496,0.15,238995,1778693399999,35863.0712,401,117665,17657.9974,0
1778693400000,0.1501,0.1501,0.1496,0.15,174346,1778694299999,26139.6307,379,107702,16147.1157,0
1778694300000,0.1499,0.1502,0.1497,0.15,211766,1778695199999,31757.5808,386,121931,18284.6879,0
1778695200000,0.1499,0.1512,0.1499,0.151,213173,1778696099999,32139.5316,502,86292,13008.4961,0
1778696100000,0.151,0.1514,0.1507,0.151,192183,1778696999999,29043.3229,375,104874,15855.2625,0
1778697000000,0.1511,0.1514,0.1508,0.1508,227827,1778697899999,34432.5509,382,130669,19756.9633,0
1778697900000,0.1508,0.151,0.1505,0.1506,161031,1778698799999,24278.8222,318,62096,9361.8726,0
1778698800000,0.1507,0.1508,0.1495,0.1498,180182,1778699699999,27041.8611,381,55507,8320.6052,0
1778699700000,0.1498,0.15,0.1492,0.1495,225810,1778700599999,33782.9703,374,84779,12691.5616,0
1778700600000,0.1495,0.15,0.1494,0.1495,269184,1778701499999,40341.7004,421,190383,28538.3555,0
1778701500000,0.1495,0.1496,0.1486,0.1489,257406,1778702399999,38306.0041,387,43775,6519.6288,0
1778702400000,0.1489,0.15,0.1489,0.1496,218450,1778703299999,32669.9463,403,90728,13574.3439,0
1778703300000,0.1495,0.15,0.1495,0.1497,110873,1778704199999,16616.4285,177,56858,8519.6271,0
1778704200000,0.1497,0.1505,0.1497,0.1504,114034,1778705099999,17143.58,277,67581,10158.7429,0
1778705100000,0.1504,0.1505,0.1498,0.1501,73431,1778705999999,11025.6359,222,34840,5229.9937,0
1778706000000,0.1501,0.1503,0.1489,0.1492,282889,1778706899999,42278.7884,571,132364,19764.1687,0
1778706900000,0.1492,0.1493,0.1488,0.1488,150581,1778707799999,22439.9623,368,53502,7973.7625,0
1778707800000,0.1488,0.1488,0.1483,0.1484,186205,1778708699999,27665.5787,445,81981,12181.544,0
1778708700000,0.1484,0.1488,0.1482,0.1483,151951,1778709599999,22556.8173,315,78604,11668.0742,0
1778709600000,0.1484,0.1487,0.1479,0.1486,200291,1778710499999,29708.5191,533,77315,11471.9186,0
1778710500000,0.1486,0.1491,0.1486,0.1491,79389,1778711399999,11811.1139,194,40964,6096.4411,0
1778711400000,0.1491,0.1496,0.1491,0.1495,277268,1778712299999,41368.1441,348,93519,13958.0597,0
1778712300000,0.1495,0.1498,0.1492,0.1493,147116,1778713199999,22010.1862,263,64690,9677.7264,0
1778713200000,0.1493,0.1499,0.1492,0.1497,206972,1778714099999,30958.9609,416,113970,17052.2162,0
1778714100000,0.1497,0.1497,0.1492,0.1493,58096,1778714999999,8683.6095,220,27658,4134.3784,0
1778715000000,0.1494,0.1495,0.1491,0.1493,190605,1778715899999,28467.6088,320,90276,13487.364,0
1778715900000,0.1494,0.1496,0.1492,0.1492,51013,1778716799999,7627.2061,152,39900,5966.8337,0
1778716800000,0.1492,0.1501,0.1489,0.15,377270,1778717699999,56435.7548,701,196218,29338.6904,0
1778717700000,0.1501,0.1503,0.1496,0.1502,221246,1778718599999,33195.8229,384,155499,23326.8561,0
1778718600000,0.1503,0.1511,0.1503,0.1507,247023,1778719499999,37260.3937,469,99693,15033.9248,0
1778719500000,0.1508,0.1508,0.1503,0.1503,133425,1778720399999,20094.5525,327,95905,14445.9791,0
1778720400000,0.1504,0.1508,0.1501,0.1508,253314,1778721299999,38124.4809,413,131407,19770.2896,0
1778721300000,0.1507,0.1509,0.1505,0.1506,58687,1778722199999,8841.2496,194,32342,4872.6434,0
1778722200000,0.1507,0.151,0.1503,0.1503,119291,1778723099999,17980.0975,323,43200,6510.6252,0
1778723100000,0.1504,0.1504,0.1503,0.1504,7665,1778723999999,1152.3504,48,5201,781.9533,0
